Variant SKU,Image 1,Image 2,Image 3,Image 4,Image 5
BR0001-A-6x6-W-14k,https://cdn.shopify.com/s/files/1/0937/6904/0186/files/BR0001-A-6x6mm-W-A.jpg?v=1748959677,https://cdn.shopify.com/s/files/1/0937/6904/0186/files/BR0001-A-6x6mm-W-B.jpg?v=1748959677,https://cdn.shopify.com/s/files/1/0937/6904/0186/files/BR0001-A-6x6mm-W-C.jpg?v=1748959677,https://cdn.shopify.com/s/files/1/0937/6904/0186/files/BR0001-A-6x6mm-W-D.jpg?v=1748959677,https://cdn.shopify.com/s/files/1/0937/6904/0186/files/BR0001-A6x6mm-W-E.jpg?v=1748959677
BR0001-A-7x7-W-14k,https://cdn.shopify.com/s/files/1/0937/6904/0186/files/BR0001-A-7x7mm-W-A.jpg?v=1748962475,https://cdn.shopify.com/s/files/1/0937/6904/0186/files/BR0001-A-7x7mm-W-B.jpg?v=1748962475,https://cdn.shopify.com/s/files/1/0937/6904/0186/files/BR0001-A-7x7mm-W-C.jpg?v=1748962475,https://cdn.shopify.com/s/files/1/0937/6904/0186/files/BR0001-A-7x7mm-W-D.jpg?v=1748962474,https://cdn.shopify.com/s/files/1/0937/6904/0186/files/BR0001-A-7x7mm-W-E.jpg?v=1748962475
BR0001-O-7x5-W-14k,https://cdn.shopify.com/s/files/1/0937/6904/0186/files/BR0001-O-7x5MM-W-A.jpg?v=1748967926,https://cdn.shopify.com/s/files/1/0937/6904/0186/files/BR0001-O-7x5MM-W-B.jpg?v=1748967926,https://cdn.shopify.com/s/files/1/0937/6904/0186/files/BR0001-O-7x5MM-W-C.jpg?v=1748967926,https://cdn.shopify.com/s/files/1/0937/6904/0186/files/BR0001-O-7x5MM-W-D.jpg?v=1748967925,https://cdn.shopify.com/s/files/1/0937/6904/0186/files/BR0001-O-7x5MM-W-E.jpg?v=1748967926
BR0001-O-8x6-W-14k,https://cdn.shopify.com/s/files/1/0937/6904/0186/files/BR0001-O-8x6MM-W-A.jpg?v=1748968295,https://cdn.shopify.com/s/files/1/0937/6904/0186/files/BR0001-O-8x6MM-W-B.jpg?v=1748968294,https://cdn.shopify.com/s/files/1/0937/6904/0186/files/BR0001-O-8x6MM-W-C.jpg?v=1748968295,https://cdn.shopify.com/s/files/1/0937/6904/0186/files/BR0001-O-8x6MM-W-D.jpg?v=1748968293,https://cdn.shopify.com/s/files/1/0937/6904/0186/files/BR0001-O-8x6MM-W-E.jpg?v=1748968295
BR0001-O-9x7-W-14k,https://cdn.shopify.com/s/files/1/0937/6904/0186/files/BR0001-O-9x7MM-W-A.jpg?v=1748968676,https://cdn.shopify.com/s/files/1/0937/6904/0186/files/BR0001-O-9x7MM-W-B.jpg?v=1748968676,https://cdn.shopify.com/s/files/1/0937/6904/0186/files/BR0001-O-9x7MM-W-C.jpg?v=1748968676,https://cdn.shopify.com/s/files/1/0937/6904/0186/files/BR0001-O-9x7MM-W-D.jpg?v=1748968676,https://cdn.shopify.com/s/files/1/0937/6904/0186/files/BR0001-O-9x7MM-W-E.jpg?v=1748968676
BR0001-C-6x6-W-14k,https://cdn.shopify.com/s/files/1/0937/6904/0186/files/BR0001-C-6x6mm-W-A.jpg?v=1748961756,https://cdn.shopify.com/s/files/1/0937/6904/0186/files/BR0001-C-6x6mm-W-B.jpg?v=1748961756,https://cdn.shopify.com/s/files/1/0937/6904/0186/files/BR0001-C-6x6mm-W-C.jpg?v=1748961756,https://cdn.shopify.com/s/files/1/0937/6904/0186/files/BR0001-C-6x6mm-W-D.jpg?v=1748961755,https://cdn.shopify.com/s/files/1/0937/6904/0186/files/BR0001-C-6x6mm-W-E.jpg?v=1748961756
BR0001-C-7x7-W-14k,https://cdn.shopify.com/s/files/1/0937/6904/0186/files/BR0001-C-7x7mm-W-A.jpg?v=1748962804,https://cdn.shopify.com/s/files/1/0937/6904/0186/files/BR0001-C-7x7mm-W-B.jpg?v=1748962805,https://cdn.shopify.com/s/files/1/0937/6904/0186/files/BR0001-C-7x7mm-W-C.jpg?v=1748962805,https://cdn.shopify.com/s/files/1/0937/6904/0186/files/BR0001-C-7x7mm-W-D.jpg?v=1748962804,https://cdn.shopify.com/s/files/1/0937/6904/0186/files/BR0001-C-7x7mm-W-E.jpg?v=1748962804
BR0001-C-8x8-W-14k,https://cdn.shopify.com/s/files/1/0937/6904/0186/files/BR0001-C-8x8mm-W-A.jpg?v=1748963001,https://cdn.shopify.com/s/files/1/0937/6904/0186/files/BR0001-C-8x8mm-W-B.jpg?v=1748963000,https://cdn.shopify.com/s/files/1/0937/6904/0186/files/BR0001-C-8x8mm-W-C.jpg?v=1748963001,https://cdn.shopify.com/s/files/1/0937/6904/0186/files/BR0001-C-8x8mm-W-D.jpg?v=1748963000,https://cdn.shopify.com/s/files/1/0937/6904/0186/files/BR0001-C-8x8mm-W-E.jpg?v=1748963001
BR0001-E-7x5-W-14k,https://cdn.shopify.com/s/files/1/0937/6904/0186/files/BR0001-E-7X5MM-W-A.jpg?v=1748971272,https://cdn.shopify.com/s/files/1/0937/6904/0186/files/BR0001-E-7X5MM-W-B.jpg?v=1748971272,https://cdn.shopify.com/s/files/1/0937/6904/0186/files/BR0001-E-7X5MM-W-C.jpg?v=1748971272,https://cdn.shopify.com/s/files/1/0937/6904/0186/files/BR0001-E-7X5MM-W-D.jpg?v=1748971271,https://cdn.shopify.com/s/files/1/0937/6904/0186/files/BR0001-E-7X5MM-W-E.jpg?v=1748971272
BR0001-E-8x6-W-14k,https://cdn.shopify.com/s/files/1/0937/6904/0186/files/BR0001-E-8X6MM-W-A.jpg?v=1748970646,https://cdn.shopify.com/s/files/1/0937/6904/0186/files/BR0001-E-8X6MM-W-B.jpg?v=1748970646,https://cdn.shopify.com/s/files/1/0937/6904/0186/files/BR0001-E-8X6MM-W-C.jpg?v=1748970646,https://cdn.shopify.com/s/files/1/0937/6904/0186/files/BR0001-E-8X6MM-W-D.jpg?v=1748970645,https://cdn.shopify.com/s/files/1/0937/6904/0186/files/BR0001-E-8X6MM-W-E.jpg?v=1748970646
BR0001-E-9x7-W-14k,https://cdn.shopify.com/s/files/1/0937/6904/0186/files/BR0001-E-9X7MM-W-A.jpg?v=1748966198,https://cdn.shopify.com/s/files/1/0937/6904/0186/files/BR0001-E-9X7MM-W-B.jpg?v=1748966199,https://cdn.shopify.com/s/files/1/0937/6904/0186/files/BR0001-E-9X7MM-W-C.jpg?v=1748966198,https://cdn.shopify.com/s/files/1/0937/6904/0186/files/BR0001-E-9X7MM-W-D.jpg?v=1748966198,https://cdn.shopify.com/s/files/1/0937/6904/0186/files/BR0001-E-9X7MM-W-E.jpg?v=1748966198
BR0001-E-8x6-W-14k,https://cdn.shopify.com/s/files/1/0937/6904/0186/files/BR0001-E-8X6MM-W-A.jpg?v=1748970646,https://cdn.shopify.com/s/files/1/0937/6904/0186/files/BR0001-E-8X6MM-W-B.jpg?v=1748970646,https://cdn.shopify.com/s/files/1/0937/6904/0186/files/BR0001-E-8X6MM-W-C.jpg?v=1748970646,https://cdn.shopify.com/s/files/1/0937/6904/0186/files/BR0001-E-8X6MM-W-D.jpg?v=1748970645,https://cdn.shopify.com/s/files/1/0937/6904/0186/files/BR0001-E-8X6MM-W-E.jpg?v=1748970646
BR0001-P-6x6-W-14k,  https://cdn.shopify.com/s/files/1/0937/6904/0186/files/BR0001-P-6x6mm-W-A.jpg?v=1748968750, https://cdn.shopify.com/s/files/1/0937/6904/0186/files/BR0001-P-6x6mm-W-B.jpg?v=1748968750, https://cdn.shopify.com/s/files/1/0937/6904/0186/files/BR0001-P-6x6mm-W-C.jpg?v=1748968750, https://cdn.shopify.com/s/files/1/0937/6904/0186/files/BR0001-P-6x6mm-W-D.jpg?v=1748968750, https://cdn.shopify.com/s/files/1/0937/6904/0186/files/BR0001-P-6x6mm-W-E.jpg?v=1748968750
BR0001-P-7x7-W-14k, https://cdn.shopify.com/s/files/1/0937/6904/0186/files/BR0001-P-7x7mm-W-A.jpg?v=1748968968, https://cdn.shopify.com/s/files/1/0937/6904/0186/files/BR0001-P-7x7mm-W-B.jpg?v=1748968968, https://cdn.shopify.com/s/files/1/0937/6904/0186/files/BR0001-P-7x7mm-W-C.jpg?v=1748968968,  https://cdn.shopify.com/s/files/1/0937/6904/0186/files/BR0001-P-7x7mm-W-D.jpg?v=1748968968, https://cdn.shopify.com/s/files/1/0937/6904/0186/files/BR0001-P-7x7mm-W-E.jpg?v=1748968968
BR0001-P-8x8-W-14k, https://cdn.shopify.com/s/files/1/0937/6904/0186/files/BR0001-P-8x8mm-W-A.jpg?v=1748969173, https://cdn.shopify.com/s/files/1/0937/6904/0186/files/BR0001-P-8x8mm-W-B.jpg?v=1748969173, https://cdn.shopify.com/s/files/1/0937/6904/0186/files/BR0001-P-8x8mm-W-C.jpg?v=1748969173, https://cdn.shopify.com/s/files/1/0937/6904/0186/files/BR0001-P-8x8mm-W-D.jpg?v=1748969172, https://cdn.shopify.com/s/files/1/0937/6904/0186/files/BR0001-P-8x8mm-W-E.jpg?v=1748969173
BR0001-R-6.5-W-14k,https://cdn.shopify.com/s/files/1/0937/6904/0186/files/BR0001-R-6.5MM-W-A.jpg?v=1748977588,https://cdn.shopify.com/s/files/1/0937/6904/0186/files/BR0001-R-6.5MM-W-B.jpg?v=1748977588,https://cdn.shopify.com/s/files/1/0937/6904/0186/files/BR0001-R-6.5MM-W-C.jpg?v=1748977588,https://cdn.shopify.com/s/files/1/0937/6904/0186/files/BR0001-R-6.5MM-W-D.jpg?v=1748977588,https://cdn.shopify.com/s/files/1/0937/6904/0186/files/BR0001-R-6.5MM-W-E.jpg?v=1748977588
BR0001-R-8-W-14k,https://cdn.shopify.com/s/files/1/0937/6904/0186/files/BR0001-R-8MM-W-A.jpg?v=1748977808,https://cdn.shopify.com/s/files/1/0937/6904/0186/files/BR0001-R-8MM-W-B.jpg?v=1748977808,https://cdn.shopify.com/s/files/1/0937/6904/0186/files/BR0001-R-8MM-W-C.jpg?v=1748977808,https://cdn.shopify.com/s/files/1/0937/6904/0186/files/BR0001-R-8MM-W-D.jpg?v=1748977808,https://cdn.shopify.com/s/files/1/0937/6904/0186/files/BR0001-R-8MM-W-E.jpg?v=1748977808
BR0001-R-9.4-W-14k,https://cdn.shopify.com/s/files/1/0937/6904/0186/files/BR0001-R-9.4MM-W-A.jpg?v=1748978013,https://cdn.shopify.com/s/files/1/0937/6904/0186/files/BR0001-R-9.4MM-W-B.jpg?v=1748978013,https://cdn.shopify.com/s/files/1/0937/6904/0186/files/BR0001-R-9.4MM-W-C.jpg?v=1748978013,https://cdn.shopify.com/s/files/1/0937/6904/0186/files/BR0001-R-9.4MM-W-D.jpg?v=1748978012,https://cdn.shopify.com/s/files/1/0937/6904/0186/files/BR0001-R-9.4MM-W-E.jpg?v=1748978013
