V1`ariant SKU,Diamond SKU,Image 1,Image 2,Variant SKU
BP0001-C-1CTW-W-14k-f,,https://cdn.shopify.com/s/files/1/0937/6904/0186/files/BP0001-C-1ctw-W-B.jpg?v=1749227113,https://cdn.shopify.com/s/files/1/0937/6904/0186/files/BP0001-C-1ctw-W-C.jpg?v=1749227113,BP0001-C-1CTW-W-14k-f-
BP0001-C-2CTW-W-14k-f,,https://cdn.shopify.com/s/files/1/0937/6904/0186/files/BP0001-C-2ctw-W-B.jpg?v=1749227171,https://cdn.shopify.com/s/files/1/0937/6904/0186/files/BP0001-C-2ctw-W-C.jpg?v=1749227171,BP0001-C-2CTW-W-14k-f-
BP0001-C-3CTW-W-14k-f,,https://cdn.shopify.com/s/files/1/0937/6904/0186/files/BP0001-C-3ctw-W-B.jpg?v=1749227224,https://cdn.shopify.com/s/files/1/0937/6904/0186/files/BP0001-C-3ctw-W-C.jpg?v=1749227224,BP0001-C-3CTW-W-14k-f-
BP0001-C-4CTW-W-14k-f,,https://cdn.shopify.com/s/files/1/0937/6904/0186/files/BP0001-C-4ctw-W-B.jpg?v=1749227278,https://cdn.shopify.com/s/files/1/0937/6904/0186/files/BP0001-C-4ctw-W-C.jpg?v=1749227277,BP0001-C-4CTW-W-14k-f-
BP0001-C-5CTW-W-14k-f,,https://cdn.shopify.com/s/files/1/0937/6904/0186/files/BP0001-C-5ctw-W-B.jpg?v=1749227331,https://cdn.shopify.com/s/files/1/0937/6904/0186/files/BP0001-C-5ctw-W-C.jpg?v=1749227331,BP0001-C-5CTW-W-14k-f-
BP0001-O-1CTW-W-14k-f,E7D71389A,https://cdn.shopify.com/s/files/1/0937/6904/0186/files/BP0001-O-1ctw-W-B.jpg?v=1749224636,https://cdn.shopify.com/s/files/1/0937/6904/0186/files/BP0001-O-1ctw-W-C.jpg?v=1749224636,BP0001-O-1CTW-W-14k-f-E7D71389A
BP0001-O-2CTW-W-14k-f,81B19F375,https://cdn.shopify.com/s/files/1/0937/6904/0186/files/BP0001-O-2ctw-W-B.jpg?v=1749224791,https://cdn.shopify.com/s/files/1/0937/6904/0186/files/BP0001-O-2ctw-W-C.jpg?v=1749224790,BP0001-O-2CTW-W-14k-f-81B19F375
BP0001-O-3CTW-W-14k-f,9E4F4E3EF,https://cdn.shopify.com/s/files/1/0937/6904/0186/files/BP0001-O-3ctw-W-B.jpg?v=1749224875,https://cdn.shopify.com/s/files/1/0937/6904/0186/files/BP0001-O-3ctw-W-C.jpg?v=1749224875,BP0001-O-3CTW-W-14k-f-9E4F4E3EF
BP0001-O-4CTW-W-14k-f,0C3158200,https://cdn.shopify.com/s/files/1/0937/6904/0186/files/BP0001-O-4ctw-W-B.jpg?v=1749224996,https://cdn.shopify.com/s/files/1/0937/6904/0186/files/BP0001-O-4ctw-W-C.jpg?v=1749224996,BP0001-O-4CTW-W-14k-f-0C3158200
BP0001-O-5CTW-W-14k-f,1509E0EF8,https://cdn.shopify.com/s/files/1/0937/6904/0186/files/BP0001-O-5ctw-W-B.jpg?v=1749225099,https://cdn.shopify.com/s/files/1/0937/6904/0186/files/BP0001-O-5ctw-W-C.jpg?v=1749225099,BP0001-O-5CTW-W-14k-f-1509E0EF8
BP0001-R-1CTW-W-14k-f,89CDD50A5,https://cdn.shopify.com/s/files/1/0937/6904/0186/files/BP0001-R-1ctw-W-B.jpg?v=1749223197,https://cdn.shopify.com/s/files/1/0937/6904/0186/files/BP0001-R-1ctw-W-C.jpg?v=1749223196,BP0001-R-1CTW-W-14k-f-89CDD50A5
BP0001-R-2CTW-W-14k-f,F62FC01A5,https://cdn.shopify.com/s/files/1/0937/6904/0186/files/BP0001-R-2ctw-W-B.jpg?v=1749223302,https://cdn.shopify.com/s/files/1/0937/6904/0186/files/BP0001-R-2ctw-W-C.jpg?v=1749223302,BP0001-R-2CTW-W-14k-f-F62FC01A5
BP0001-R-3CTW-W-14k-f,E589A5198,https://cdn.shopify.com/s/files/1/0937/6904/0186/files/BP0001-R-3ctw-W-B.jpg?v=1749223556,https://cdn.shopify.com/s/files/1/0937/6904/0186/files/BP0001-R-3ctw-W-C.jpg?v=1749223556,BP0001-R-3CTW-W-14k-f-E589A5198
BP0001-R-4CTW-W-14k-f,A2775DADB,https://cdn.shopify.com/s/files/1/0937/6904/0186/files/BP0001-R-4ctw-W-B.jpg?v=1749223620,https://cdn.shopify.com/s/files/1/0937/6904/0186/files/BP0001-R-4ctw-W-C.jpg?v=1749223620,BP0001-R-4CTW-W-14k-f-A2775DADB
BP0001-R-5CTW-W-14k-f,3B7725012,https://cdn.shopify.com/s/files/1/0937/6904/0186/files/BP0001-R-5ctw-W-B.jpg?v=1749223686,https://cdn.shopify.com/s/files/1/0937/6904/0186/files/BP0001-R-5ctw-W-C.jpg?v=1749223686,BP0001-R-5CTW-W-14k-f-3B7725012
BP0001-P-1CTW-W-14k-f,54BBF7277,https://cdn.shopify.com/s/files/1/0937/6904/0186/files/BP0001-P-1ctw-W-B.jpg?v=1749225107,https://cdn.shopify.com/s/files/1/0937/6904/0186/files/BP0001-P-1ctw-W-C.jpg?v=1749225106,BP0001-P-1CTW-W-14k-f-54BBF7277
BP0001-P-2CTW-W-14k-f,2378C79F8,https://cdn.shopify.com/s/files/1/0937/6904/0186/files/BP0001-P-2ctw-W-B.jpg?v=1749225251,https://cdn.shopify.com/s/files/1/0937/6904/0186/files/BP0001-P-2ctw-W-C.jpg?v=1749225251,BP0001-P-2CTW-W-14k-f-2378C79F8
BP0001-P-3CTW-W-14k-f,E9E660E8E,https://cdn.shopify.com/s/files/1/0937/6904/0186/files/BP0001-P-3ctw-W-B.jpg?v=1749225491,https://cdn.shopify.com/s/files/1/0937/6904/0186/files/BP0001-P-3ctw-W-C.jpg?v=1749225491,BP0001-P-3CTW-W-14k-f-E9E660E8E
BP0001-P-4CTW-W-14k-f,FCB21981A,https://cdn.shopify.com/s/files/1/0937/6904/0186/files/BP0001-P-4ctw-W-B.jpg?v=1749225567,https://cdn.shopify.com/s/files/1/0937/6904/0186/files/BP0001-P-4ctw-W-C.jpg?v=1749225567,BP0001-P-4CTW-W-14k-f-FCB21981A
BP0001-P-5CTW-W-14k-f,,https://cdn.shopify.com/s/files/1/0937/6904/0186/files/BP0001-P-5ctw-W-B.jpg?v=1749225635,https://cdn.shopify.com/s/files/1/0937/6904/0186/files/BP0001-P-5ctw-W-C.jpg?v=1749225634,BP0001-P-5CTW-W-14k-f-
BP0001-P-1CTW-W-14k-f,54BBF7277,https://cdn.shopify.com/s/files/1/0937/6904/0186/files/BP0001-P-1ctw-W-B_63e6a4f5-424a-442b-8f17-d5e8104b2659.jpg?v=1749227007,https://cdn.shopify.com/s/files/1/0937/6904/0186/files/BP0001-P-1ctw-W-C_d760085b-3779-4b71-b431-75d528f57f5e.jpg?v=1749227006,BP0001-P-1CTW-W-14k-f-54BBF7277
BP0001-P-2CTW-W-14k-f,2378C79F8,https://cdn.shopify.com/s/files/1/0937/6904/0186/files/BP0001-P-2ctw-W-B_5e78cc3a-146a-4395-94a5-a1c2e1a5d4fc.jpg?v=1749227120,https://cdn.shopify.com/s/files/1/0937/6904/0186/files/BP0001-P-2ctw-W-C_813ba323-4d08-44ca-83ef-e18aff259767.jpg?v=1749227120,BP0001-P-2CTW-W-14k-f-2378C79F8
BP0001-P-3CTW-W-14k-f,E9E660E8E,https://cdn.shopify.com/s/files/1/0937/6904/0186/files/BP0001-P-3ctw-W-B_357b2f40-f949-4ce7-b298-a173f6b045d9.jpg?v=1749227210,https://cdn.shopify.com/s/files/1/0937/6904/0186/files/BP0001-P-3ctw-W-C_f41b456d-c279-4ed0-b55b-c819f5adbc63.jpg?v=1749227210,BP0001-P-3CTW-W-14k-f-E9E660E8E
BP0001-P-4CTW-W-14k-f,FCB21981A,https://cdn.shopify.com/s/files/1/0937/6904/0186/files/BP0001-P-4ctw-W-B_cf8e5d5c-cfe3-4f61-a272-d0a1f5ace174.jpg?v=1749227274,https://cdn.shopify.com/s/files/1/0937/6904/0186/files/BP0001-P-4ctw-W-C_44cff8be-b949-423b-be2f-af6d66ce445c.jpg?v=1749227274,BP0001-P-4CTW-W-14k-f-FCB21981A
BP0001-P-5CTW-W-14k-f,,https://cdn.shopify.com/s/files/1/0937/6904/0186/files/BP0001-P-5ctw-W-B_af74ceae-8353-4ba9-bdaf-e516b01595cd.jpg?v=1749227404,https://cdn.shopify.com/s/files/1/0937/6904/0186/files/BP0001-P-5ctw-W-C_c6e8a4ae-e58b-4055-8494-126379ff44a7.jpg?v=1749227404,BP0001-P-5CTW-W-14k-f-
BP0001-E-1CTW-W-14k-f,6E25CEE6A,https://cdn.shopify.com/s/files/1/0937/6904/0186/files/BP0001-E-1ctw-W-B.jpg?v=1749225908,https://cdn.shopify.com/s/files/1/0937/6904/0186/files/BP0001-E-1ctw-W-C.jpg?v=1749225907,BP0001-E-1CTW-W-14k-f-6E25CEE6A
BP0001-E-2CTW-W-14k-f,3E41E49E3,https://cdn.shopify.com/s/files/1/0937/6904/0186/files/BP0001-E-2ctw-W-B.jpg?v=1749225980,https://cdn.shopify.com/s/files/1/0937/6904/0186/files/BP0001-E-2ctw-W-C.jpg?v=1749225979,BP0001-E-2CTW-W-14k-f-3E41E49E3
BP0001-E-3CTW-W-14k-f,40E6A6769,https://cdn.shopify.com/s/files/1/0937/6904/0186/files/BP0001-E-3ctw-W-B.jpg?v=1749226042,https://cdn.shopify.com/s/files/1/0937/6904/0186/files/BP0001-E-3ctw-W-C.jpg?v=1749226041,BP0001-E-3CTW-W-14k-f-40E6A6769
BP0001-E-4CTW-W-14k-f,E23F34615,https://cdn.shopify.com/s/files/1/0937/6904/0186/files/BP0001-E-4ctw-W-B.jpg?v=1749226142,https://cdn.shopify.com/s/files/1/0937/6904/0186/files/BP0001-E-4ctw-W-C.jpg?v=1749226142,BP0001-E-4CTW-W-14k-f-E23F34615
BP0001-E-5CTW-W-14k-f,1D6651896,https://cdn.shopify.com/s/files/1/0937/6904/0186/files/BP0001-E-5ctw-W-B.jpg?v=1749226200,https://cdn.shopify.com/s/files/1/0937/6904/0186/files/BP0001-E-5ctw-W-C.jpg?v=1749226200,BP0001-E-5CTW-W-14k-f-1D6651896
BP0001-C-1CTW-Y-14k-f,,https://cdn.shopify.com/s/files/1/0937/6904/0186/files/BP0001-C-1ctw-Y-B.jpg?v=1749227408,https://cdn.shopify.com/s/files/1/0937/6904/0186/files/BP0001-C-1ctw-Y-C.jpg?v=1749227408,BP0001-C-1CTW-Y-14k-f-
BP0001-C-2CTW-Y-14k-f,,https://cdn.shopify.com/s/files/1/0937/6904/0186/files/BP0001-C-2ctw-Y-B.jpg?v=1749227458,https://cdn.shopify.com/s/files/1/0937/6904/0186/files/BP0001-C-2ctw-Y-C.jpg?v=1749227458,BP0001-C-2CTW-Y-14k-f-
BP0001-C-3CTW-Y-14k-f,,https://cdn.shopify.com/s/files/1/0937/6904/0186/files/BP0001-C-3ctw-Y-B.jpg?v=1749227512,https://cdn.shopify.com/s/files/1/0937/6904/0186/files/BP0001-C-3ctw-Y-C.jpg?v=1749227511,BP0001-C-3CTW-Y-14k-f-
BP0001-C-4CTW-Y-14k-f,,https://cdn.shopify.com/s/files/1/0937/6904/0186/files/BP0001-C-4ctw-Y-B.jpg?v=1749227540,https://cdn.shopify.com/s/files/1/0937/6904/0186/files/BP0001-C-4ctw-Y-C.jpg?v=1749227540,BP0001-C-4CTW-Y-14k-f-
BP0001-C-5CTW-Y-14k-f,,https://cdn.shopify.com/s/files/1/0937/6904/0186/files/BP0001-C-5ctw-Y-B.jpg?v=1749227595,https://cdn.shopify.com/s/files/1/0937/6904/0186/files/BP0001-C-5ctw-Y-C.jpg?v=1749227595,BP0001-C-5CTW-Y-14k-f-
BP0001-O-1CTW-Y-14k-f,E7D71389A,https://cdn.shopify.com/s/files/1/0937/6904/0186/files/BP0001-O-1ctw-Y-B.jpg?v=1749225178,https://cdn.shopify.com/s/files/1/0937/6904/0186/files/BP0001-O-1ctw-Y-C.jpg?v=1749225178,BP0001-O-1CTW-Y-14k-f-E7D71389A
BP0001-O-2CTW-Y-14k-f,81B19F375,https://cdn.shopify.com/s/files/1/0937/6904/0186/files/BP0001-O-2ctw-Y-B.jpg?v=1749225255,https://cdn.shopify.com/s/files/1/0937/6904/0186/files/BP0001-O-2ctw-Y-C.jpg?v=1749225255,BP0001-O-2CTW-Y-14k-f-81B19F375
BP0001-O-3CTW-Y-14k-f,9E4F4E3EF,https://cdn.shopify.com/s/files/1/0937/6904/0186/files/BP0001-O-3ctw-Y-B.jpg?v=1749225360,https://cdn.shopify.com/s/files/1/0937/6904/0186/files/BP0001-O-3ctw-Y-C.jpg?v=1749225360,BP0001-O-3CTW-Y-14k-f-9E4F4E3EF
BP0001-O-4CTW-Y-14k-f,0C3158200,https://cdn.shopify.com/s/files/1/0937/6904/0186/files/BP0001-O-4ctw-Y-B.jpg?v=1749225433,https://cdn.shopify.com/s/files/1/0937/6904/0186/files/BP0001-O-4ctw-Y-C.jpg?v=1749225433,BP0001-O-4CTW-Y-14k-f-0C3158200
BP0001-O-5CTW-Y-14k-f,1509E0EF8,https://cdn.shopify.com/s/files/1/0937/6904/0186/files/BP0001-O-5ctw-Y-B.jpg?v=1749225494,https://cdn.shopify.com/s/files/1/0937/6904/0186/files/BP0001-O-5ctw-Y-C.jpg?v=1749225494,BP0001-O-5CTW-Y-14k-f-1509E0EF8
BP0001-R-1CTW-Y-14k-f,89CDD50A5,https://cdn.shopify.com/s/files/1/0937/6904/0186/files/BP0001-R-1ctw-Y-B.jpg?v=1749223869,https://cdn.shopify.com/s/files/1/0937/6904/0186/files/BP0001-R-1ctw-Y-C.jpg?v=1749223869,BP0001-R-1CTW-Y-14k-f-89CDD50A5
BP0001-R-2CTW-Y-14k-f,F62FC01A5,https://cdn.shopify.com/s/files/1/0937/6904/0186/files/BP0001-R-2ctw-Y-B.jpg?v=1749223934,https://cdn.shopify.com/s/files/1/0937/6904/0186/files/BP0001-R-2ctw-Y-C.jpg?v=1749223934,BP0001-R-2CTW-Y-14k-f-F62FC01A5
BP0001-R-3CTW-Y-14k-f,E589A5198,https://cdn.shopify.com/s/files/1/0937/6904/0186/files/BP0001-R-3ctw-Y-B.jpg?v=1749223982,https://cdn.shopify.com/s/files/1/0937/6904/0186/files/BP0001-R-3ctw-Y-C.jpg?v=1749223982,BP0001-R-3CTW-Y-14k-f-E589A5198
BP0001-R-4CTW-Y-14k-f,A2775DADB,https://cdn.shopify.com/s/files/1/0937/6904/0186/files/BP0001-R-4ctw-Y-B.jpg?v=1749224328,https://cdn.shopify.com/s/files/1/0937/6904/0186/files/BP0001-R-4ctw-Y-C.jpg?v=1749224327,BP0001-R-4CTW-Y-14k-f-A2775DADB
BP0001-R-5CTW-Y-14k-f,3B7725012,https://cdn.shopify.com/s/files/1/0937/6904/0186/files/BP0001-R-5ctw-Y-B.jpg?v=1749224389,https://cdn.shopify.com/s/files/1/0937/6904/0186/files/BP0001-R-5ctw-Y-C.jpg?v=1749224388,BP0001-R-5CTW-Y-14k-f-3B7725012
BP0001-P-1CTW-Y-14k-f,54BBF7277,https://cdn.shopify.com/s/files/1/0937/6904/0186/files/BP0001-P-1ctw-Y-B.jpg?v=1749225735,https://cdn.shopify.com/s/files/1/0937/6904/0186/files/BP0001-P-1ctw-Y-C.jpg?v=1749225735,BP0001-P-1CTW-Y-14k-f-54BBF7277
BP0001-P-2CTW-Y-14k-f,2378C79F8,https://cdn.shopify.com/s/files/1/0937/6904/0186/files/BP0001-P-2ctw-Y-B.jpg?v=1749225800,https://cdn.shopify.com/s/files/1/0937/6904/0186/files/BP0001-P-2ctw-Y-C.jpg?v=1749225800,BP0001-P-2CTW-Y-14k-f-2378C79F8
BP0001-P-3CTW-Y-14k-f,E9E660E8E,https://cdn.shopify.com/s/files/1/0937/6904/0186/files/BP0001-P-3ctw-Y-B.jpg?v=1749225891,https://cdn.shopify.com/s/files/1/0937/6904/0186/files/BP0001-P-3ctw-Y-C.jpg?v=1749225891,BP0001-P-3CTW-Y-14k-f-E9E660E8E
BP0001-P-4CTW-Y-14k-f,FCB21981A,https://cdn.shopify.com/s/files/1/0937/6904/0186/files/BP0001-P-4ctw-Y-B.jpg?v=1749225966,https://cdn.shopify.com/s/files/1/0937/6904/0186/files/BP0001-P-4ctw-Y-C.jpg?v=1749225966,BP0001-P-4CTW-Y-14k-f-FCB21981A
BP0001-P-5CTW-Y-14k-f,,https://cdn.shopify.com/s/files/1/0937/6904/0186/files/BP0001-P-5ctw-Y-B.jpg?v=1749226019,https://cdn.shopify.com/s/files/1/0937/6904/0186/files/BP0001-P-5ctw-Y-C.jpg?v=1749226019,BP0001-P-5CTW-Y-14k-f-
BP0001-P-1CTW-Y-14k-f,54BBF7277,https://cdn.shopify.com/s/files/1/0937/6904/0186/files/BP0001-P-1ctw-Y-B_b2571419-d913-45c3-b00d-ec87660976a1.jpg?v=1749227494,https://cdn.shopify.com/s/files/1/0937/6904/0186/files/BP0001-P-1ctw-Y-C_77d99c97-a6e3-4346-b69d-e34f075feb1a.jpg?v=1749227494,BP0001-P-1CTW-Y-14k-f-54BBF7277
BP0001-P-2CTW-Y-14k-f,2378C79F8,https://cdn.shopify.com/s/files/1/0937/6904/0186/files/BP0001-P-2ctw-Y-B_6acc010a-71dd-4a51-8f10-6b3fb3f5654b.jpg?v=1749227556,https://cdn.shopify.com/s/files/1/0937/6904/0186/files/BP0001-P-2ctw-Y-C_3fde471f-9201-40fc-b1bc-a31ff109e540.jpg?v=1749227555,BP0001-P-2CTW-Y-14k-f-2378C79F8
BP0001-P-3CTW-Y-14k-f,E9E660E8E,https://cdn.shopify.com/s/files/1/0937/6904/0186/files/BP0001-P-3ctw-Y-B_68ee2f08-5031-4062-8df0-201dbd399382.jpg?v=1749227606,https://cdn.shopify.com/s/files/1/0937/6904/0186/files/BP0001-P-3ctw-Y-C_bee62a56-cf6d-4247-bef8-be50533c0d51.jpg?v=1749227606,BP0001-P-3CTW-Y-14k-f-E9E660E8E
BP0001-P-4CTW-Y-14k-f,FCB21981A,https://cdn.shopify.com/s/files/1/0937/6904/0186/files/BP0001-P-4ctw-Y-B_efa04b8a-b553-4346-8b8f-d25dd635e06d.jpg?v=1749228181,https://cdn.shopify.com/s/files/1/0937/6904/0186/files/BP0001-P-4ctw-Y-C_70a7f198-238a-438c-8478-c13245f5d248.jpg?v=1749228180,BP0001-P-4CTW-Y-14k-f-FCB21981A
BP0001-P-5CTW-Y-14k-f,,https://cdn.shopify.com/s/files/1/0937/6904/0186/files/BP0001-P-5ctw-Y-B_0e9a65ab-ddc0-4f0b-9514-395583f792b1.jpg?v=1749228251,https://cdn.shopify.com/s/files/1/0937/6904/0186/files/BP0001-P-5ctw-Y-C_61aee2c1-dd39-4874-8197-caeafb9f35d5.jpg?v=1749228251,BP0001-P-5CTW-Y-14k-f-
BP0001-E-1CTW-Y-14k-f,6E25CEE6A,https://cdn.shopify.com/s/files/1/0937/6904/0186/files/BP0001-E-1ctw-Y-B.jpg?v=1749226266,https://cdn.shopify.com/s/files/1/0937/6904/0186/files/BP0001-E-1ctw-Y-C.jpg?v=1749226266,BP0001-E-1CTW-Y-14k-f-6E25CEE6A
BP0001-E-2CTW-Y-14k-f,3E41E49E3,https://cdn.shopify.com/s/files/1/0937/6904/0186/files/BP0001-E-2ctw-Y-B.jpg?v=1749226329,https://cdn.shopify.com/s/files/1/0937/6904/0186/files/BP0001-E-2ctw-Y-C.jpg?v=1749226329,BP0001-E-2CTW-Y-14k-f-3E41E49E3
BP0001-E-3CTW-Y-14k-f,40E6A6769,https://cdn.shopify.com/s/files/1/0937/6904/0186/files/BP0001-E-3ctw-Y-B.jpg?v=1749226395,https://cdn.shopify.com/s/files/1/0937/6904/0186/files/BP0001-E-3ctw-Y-C.jpg?v=1749226395,BP0001-E-3CTW-Y-14k-f-40E6A6769
BP0001-E-4CTW-Y-14k-f,E23F34615,https://cdn.shopify.com/s/files/1/0937/6904/0186/files/BP0001-E-4ctw-Y-B.jpg?v=1749226475,https://cdn.shopify.com/s/files/1/0937/6904/0186/files/BP0001-E-4ctw-Y-C.jpg?v=1749226475,BP0001-E-4CTW-Y-14k-f-E23F34615
BP0001-E-5CTW-Y-14k-f,1D6651896,https://cdn.shopify.com/s/files/1/0937/6904/0186/files/BP0001-E-5ctw-Y-B.jpg?v=1749226533,https://cdn.shopify.com/s/files/1/0937/6904/0186/files/BP0001-E-5ctw-Y-C.jpg?v=1749226533,BP0001-E-5CTW-Y-14k-f-1D6651896
BP0001-C-1CTW-R-14k-f,,https://cdn.shopify.com/s/files/1/0937/6904/0186/files/BP0001-C-1ctw-R-B.jpg?v=1749227984,https://cdn.shopify.com/s/files/1/0937/6904/0186/files/BP0001-C-1ctw-R-C.jpg?v=1749227984,BP0001-C-1CTW-R-14k-f-
BP0001-C-2CTW-R-14k-f,,https://cdn.shopify.com/s/files/1/0937/6904/0186/files/BP0001-C-2ctw-R-B.jpg?v=1749228057,https://cdn.shopify.com/s/files/1/0937/6904/0186/files/BP0001-C-2ctw-R-C.jpg?v=1749228057,BP0001-C-2CTW-R-14k-f-
BP0001-C-3CTW-R-14k-f,,https://cdn.shopify.com/s/files/1/0937/6904/0186/files/BP0001-C-3ctw-R-B.jpg?v=1749228110,https://cdn.shopify.com/s/files/1/0937/6904/0186/files/BP0001-C-3ctw-R-C.jpg?v=1749228110,BP0001-C-3CTW-R-14k-f-
BP0001-C-4CTW-R-14k-f,,https://cdn.shopify.com/s/files/1/0937/6904/0186/files/BP0001-C-4ctw-R-B.jpg?v=1749228165,https://cdn.shopify.com/s/files/1/0937/6904/0186/files/BP0001-C-4ctw-R-C.jpg?v=1749228165,BP0001-C-4CTW-R-14k-f-
BP0001-C-5CTW-R-14k-f,,https://cdn.shopify.com/s/files/1/0937/6904/0186/files/BP0001-C-5ctw-R-B.jpg?v=1749228224,https://cdn.shopify.com/s/files/1/0937/6904/0186/files/BP0001-C-5ctw-R-C.jpg?v=1749228224,BP0001-C-5CTW-R-14k-f-
BP0001-O-1CTW-R-14k-f,E7D71389A,https://cdn.shopify.com/s/files/1/0937/6904/0186/files/BP0001-O-1ctw-R-B.jpg?v=1749225565,https://cdn.shopify.com/s/files/1/0937/6904/0186/files/BP0001-O-1ctw-R-C.jpg?v=1749225565,BP0001-O-1CTW-R-14k-f-E7D71389A
BP0001-O-2CTW-R-14k-f,81B19F375,https://cdn.shopify.com/s/files/1/0937/6904/0186/files/BP0001-O-2ctw-R-B.jpg?v=1749225630,https://cdn.shopify.com/s/files/1/0937/6904/0186/files/BP0001-O-2ctw-R-C.jpg?v=1749225630,BP0001-O-2CTW-R-14k-f-81B19F375
BP0001-O-3CTW-R-14k-f,9E4F4E3EF,https://cdn.shopify.com/s/files/1/0937/6904/0186/files/BP0001-O-3ctw-R-B.jpg?v=1749225696,https://cdn.shopify.com/s/files/1/0937/6904/0186/files/BP0001-O-3ctw-R-C.jpg?v=1749225696,BP0001-O-3CTW-R-14k-f-9E4F4E3EF
BP0001-O-4CTW-R-14k-f,0C3158200,https://cdn.shopify.com/s/files/1/0937/6904/0186/files/BP0001-O-4ctw-R-B.jpg?v=1749225753,https://cdn.shopify.com/s/files/1/0937/6904/0186/files/BP0001-O-4ctw-R-C.jpg?v=1749225753,BP0001-O-4CTW-R-14k-f-0C3158200
BP0001-O-5CTW-R-14k-f,1509E0EF8,https://cdn.shopify.com/s/files/1/0937/6904/0186/files/BP0001-O-5ctw-R-B.jpg?v=1749225810,https://cdn.shopify.com/s/files/1/0937/6904/0186/files/BP0001-O-5ctw-R-C.jpg?v=1749225810,BP0001-O-5CTW-R-14k-f-1509E0EF8
BP0001-R-1CTW-R-14k-f,89CDD50A5,https://cdn.shopify.com/s/files/1/0937/6904/0186/files/BP0001-R-1ctw-R-B.jpg?v=1749224483,https://cdn.shopify.com/s/files/1/0937/6904/0186/files/BP0001-R-1ctw-R-C.jpg?v=1749224483,BP0001-R-1CTW-R-14k-f-89CDD50A5
BP0001-R-2CTW-R-14k-f,F62FC01A5,https://cdn.shopify.com/s/files/1/0937/6904/0186/files/BP0001-R-2ctw-R-B.jpg?v=1749224634,https://cdn.shopify.com/s/files/1/0937/6904/0186/files/BP0001-R-2ctw-R-C.jpg?v=1749224632,BP0001-R-2CTW-R-14k-f-F62FC01A5
BP0001-R-3CTW-R-14k-f,E589A5198,https://cdn.shopify.com/s/files/1/0937/6904/0186/files/BP0001-R-3ctw-R-B.jpg?v=1749224720,https://cdn.shopify.com/s/files/1/0937/6904/0186/files/BP0001-R-3ctw-R-C.jpg?v=1749224719,BP0001-R-3CTW-R-14k-f-E589A5198
BP0001-R-4CTW-R-14k-f,A2775DADB,https://cdn.shopify.com/s/files/1/0937/6904/0186/files/BP0001-R-4ctw-R-B.jpg?v=1749224775,https://cdn.shopify.com/s/files/1/0937/6904/0186/files/BP0001-R-4ctw-R-C.jpg?v=1749224774,BP0001-R-4CTW-R-14k-f-A2775DADB
BP0001-R-5CTW-R-14k-f,3B7725012,https://cdn.shopify.com/s/files/1/0937/6904/0186/files/BP0001-R-5ctw-R-B.jpg?v=1749224885,https://cdn.shopify.com/s/files/1/0937/6904/0186/files/BP0001-R-5ctw-R-C.jpg?v=1749224884,BP0001-R-5CTW-R-14k-f-3B7725012
BP0001-P-1CTW-R-14k-f,54BBF7277,https://cdn.shopify.com/s/files/1/0937/6904/0186/files/BP0001-P-1ctw-R-B.jpg?v=1749226137,https://cdn.shopify.com/s/files/1/0937/6904/0186/files/BP0001-P-1ctw-R-C.jpg?v=1749226136,BP0001-P-1CTW-R-14k-f-54BBF7277
BP0001-P-2CTW-R-14k-f,2378C79F8,https://cdn.shopify.com/s/files/1/0937/6904/0186/files/BP0001-P-2ctw-R-B.jpg?v=1749226198,https://cdn.shopify.com/s/files/1/0937/6904/0186/files/BP0001-P-2ctw-R-C.jpg?v=1749226197,BP0001-P-2CTW-R-14k-f-2378C79F8
BP0001-P-3CTW-R-14k-f,E9E660E8E,https://cdn.shopify.com/s/files/1/0937/6904/0186/files/BP0001-P-3ctw-R-B.jpg?v=1749226264,https://cdn.shopify.com/s/files/1/0937/6904/0186/files/BP0001-P-3ctw-R-C.jpg?v=1749226263,BP0001-P-3CTW-R-14k-f-E9E660E8E
BP0001-P-4CTW-R-14k-f,FCB21981A,https://cdn.shopify.com/s/files/1/0937/6904/0186/files/BP0001-P-4ctw-R-B.jpg?v=1749226323,https://cdn.shopify.com/s/files/1/0937/6904/0186/files/BP0001-P-4ctw-R-C.jpg?v=1749226322,BP0001-P-4CTW-R-14k-f-FCB21981A
BP0001-P-5CTW-R-14k-f,,https://cdn.shopify.com/s/files/1/0937/6904/0186/files/BP0001-P-5ctw-R-B.jpg?v=1749226371,https://cdn.shopify.com/s/files/1/0937/6904/0186/files/BP0001-P-5ctw-R-C.jpg?v=1749226371,BP0001-P-5CTW-R-14k-f-
BP0001-P-1CTW-R-14k-f,54BBF7277,https://cdn.shopify.com/s/files/1/0937/6904/0186/files/BP0001-P-1ctw-R-B_197dc124-0649-437f-97a7-e1335879c8a8.jpg?v=1749228645,https://cdn.shopify.com/s/files/1/0937/6904/0186/files/BP0001-P-1ctw-R-C_43661fc1-f1c4-4aa3-a893-8c3a1ee9ecb0.jpg?v=1749228645,BP0001-P-1CTW-R-14k-f-54BBF7277
BP0001-P-2CTW-R-14k-f,2378C79F8,https://cdn.shopify.com/s/files/1/0937/6904/0186/files/BP0001-P-2ctw-R-B_397934eb-2f78-4e0a-8a53-a2de60eb810d.jpg?v=1749228705,https://cdn.shopify.com/s/files/1/0937/6904/0186/files/BP0001-P-2ctw-R-C_fee402d8-def7-45d9-a493-93af29642bc6.jpg?v=1749228705,BP0001-P-2CTW-R-14k-f-2378C79F8
BP0001-P-3CTW-R-14k-f,E9E660E8E,https://cdn.shopify.com/s/files/1/0937/6904/0186/files/BP0001-P-3ctw-R-B_1318ab32-421f-4160-a560-88cd470b4196.jpg?v=1749228774,https://cdn.shopify.com/s/files/1/0937/6904/0186/files/BP0001-P-3ctw-R-C_8cdc9923-58ff-4385-b8fc-ee99a7cdeb2e.jpg?v=1749228774,BP0001-P-3CTW-R-14k-f-E9E660E8E
BP0001-P-4CTW-R-14k-f,FCB21981A,https://cdn.shopify.com/s/files/1/0937/6904/0186/files/BP0001-P-4ctw-R-B_b02fa70f-b39c-4701-be8d-4a5a4b7f695b.jpg?v=1749228851,https://cdn.shopify.com/s/files/1/0937/6904/0186/files/BP0001-P-4ctw-R-C_83cd5221-3146-47f2-b0e5-3e1a7f9e94e3.jpg?v=1749228851,BP0001-P-4CTW-R-14k-f-FCB21981A
BP0001-P-5CTW-R-14k-f,,https://cdn.shopify.com/s/files/1/0937/6904/0186/files/BP0001-P-5ctw-R-B_087c45fe-8265-42a2-8860-c6de3f8cc925.jpg?v=1749228915,https://cdn.shopify.com/s/files/1/0937/6904/0186/files/BP0001-P-5ctw-R-C_f7990541-de32-4cff-8e73-63c8de39c46a.jpg?v=1749228914,BP0001-P-5CTW-R-14k-f-
BP0001-E-1CTW-R-14k-f,6E25CEE6A,https://cdn.shopify.com/s/files/1/0937/6904/0186/files/BP0001-E-1ctw-R-B.jpg?v=1749226678,https://cdn.shopify.com/s/files/1/0937/6904/0186/files/BP0001-E-1ctw-R-C.jpg?v=1749226678,BP0001-E-1CTW-R-14k-f-6E25CEE6A
BP0001-E-2CTW-R-14k-f,3E41E49E3,https://cdn.shopify.com/s/files/1/0937/6904/0186/files/BP0001-E-2ctw-R-B.jpg?v=1749226743,https://cdn.shopify.com/s/files/1/0937/6904/0186/files/BP0001-E-2ctw-R-C.jpg?v=1749226743,BP0001-E-2CTW-R-14k-f-3E41E49E3
BP0001-E-3CTW-R-14k-f,40E6A6769,https://cdn.shopify.com/s/files/1/0937/6904/0186/files/BP0001-E-3ctw-R-B.jpg?v=1749226799,https://cdn.shopify.com/s/files/1/0937/6904/0186/files/BP0001-E-3ctw-R-C.jpg?v=1749226799,BP0001-E-3CTW-R-14k-f-40E6A6769
BP0001-E-4CTW-R-14k-f,E23F34615,https://cdn.shopify.com/s/files/1/0937/6904/0186/files/BP0001-E-4ctw-R-B.jpg?v=1749226864,https://cdn.shopify.com/s/files/1/0937/6904/0186/files/BP0001-E-4ctw-R-C.jpg?v=1749226864,BP0001-E-4CTW-R-14k-f-E23F34615
BP0001-E-5CTW-R-14k-f,1D6651896,https://cdn.shopify.com/s/files/1/0937/6904/0186/files/BP0001-E-5ctw-R-B.jpg?v=1749226924,https://cdn.shopify.com/s/files/1/0937/6904/0186/files/BP0001-E-5ctw-R-C.jpg?v=1749226923,BP0001-E-5CTW-R-14k-f-1D6651896
BP0001-C-1CTW-W-18k-f,,https://cdn.shopify.com/s/files/1/0937/6904/0186/files/BP0001-C-1ctw-W-B.jpg?v=1749227113,https://cdn.shopify.com/s/files/1/0937/6904/0186/files/BP0001-C-1ctw-W-C.jpg?v=1749227113,BP0001-C-1CTW-W-18k-f-
BP0001-C-2CTW-W-18k-f,,https://cdn.shopify.com/s/files/1/0937/6904/0186/files/BP0001-C-2ctw-W-B.jpg?v=1749227171,https://cdn.shopify.com/s/files/1/0937/6904/0186/files/BP0001-C-2ctw-W-C.jpg?v=1749227171,BP0001-C-2CTW-W-18k-f-
BP0001-C-3CTW-W-18k-f,,https://cdn.shopify.com/s/files/1/0937/6904/0186/files/BP0001-C-3ctw-W-B.jpg?v=1749227224,https://cdn.shopify.com/s/files/1/0937/6904/0186/files/BP0001-C-3ctw-W-C.jpg?v=1749227224,BP0001-C-3CTW-W-18k-f-
BP0001-C-4CTW-W-18k-f,,https://cdn.shopify.com/s/files/1/0937/6904/0186/files/BP0001-C-4ctw-W-B.jpg?v=1749227278,https://cdn.shopify.com/s/files/1/0937/6904/0186/files/BP0001-C-4ctw-W-C.jpg?v=1749227277,BP0001-C-4CTW-W-18k-f-
BP0001-C-5CTW-W-18k-f,,https://cdn.shopify.com/s/files/1/0937/6904/0186/files/BP0001-C-5ctw-W-B.jpg?v=1749227331,https://cdn.shopify.com/s/files/1/0937/6904/0186/files/BP0001-C-5ctw-W-C.jpg?v=1749227331,BP0001-C-5CTW-W-18k-f-
BP0001-O-1CTW-W-18k-f,E7D71389A,https://cdn.shopify.com/s/files/1/0937/6904/0186/files/BP0001-O-1ctw-W-B.jpg?v=1749224636,https://cdn.shopify.com/s/files/1/0937/6904/0186/files/BP0001-O-1ctw-W-C.jpg?v=1749224636,BP0001-O-1CTW-W-18k-f-E7D71389A
BP0001-O-2CTW-W-18k-f,81B19F375,https://cdn.shopify.com/s/files/1/0937/6904/0186/files/BP0001-O-2ctw-W-B.jpg?v=1749224791,https://cdn.shopify.com/s/files/1/0937/6904/0186/files/BP0001-O-2ctw-W-C.jpg?v=1749224790,BP0001-O-2CTW-W-18k-f-81B19F375
BP0001-O-3CTW-W-18k-f,9E4F4E3EF,https://cdn.shopify.com/s/files/1/0937/6904/0186/files/BP0001-O-3ctw-W-B.jpg?v=1749224875,https://cdn.shopify.com/s/files/1/0937/6904/0186/files/BP0001-O-3ctw-W-C.jpg?v=1749224875,BP0001-O-3CTW-W-18k-f-9E4F4E3EF
BP0001-O-4CTW-W-18k-f,0C3158200,https://cdn.shopify.com/s/files/1/0937/6904/0186/files/BP0001-O-4ctw-W-B.jpg?v=1749224996,https://cdn.shopify.com/s/files/1/0937/6904/0186/files/BP0001-O-4ctw-W-C.jpg?v=1749224996,BP0001-O-4CTW-W-18k-f-0C3158200
BP0001-O-5CTW-W-18k-f,1509E0EF8,https://cdn.shopify.com/s/files/1/0937/6904/0186/files/BP0001-O-5ctw-W-B.jpg?v=1749225099,https://cdn.shopify.com/s/files/1/0937/6904/0186/files/BP0001-O-5ctw-W-C.jpg?v=1749225099,BP0001-O-5CTW-W-18k-f-1509E0EF8
BP0001-R-1CTW-W-18k-f,89CDD50A5,https://cdn.shopify.com/s/files/1/0937/6904/0186/files/BP0001-R-1ctw-W-B.jpg?v=1749223197,https://cdn.shopify.com/s/files/1/0937/6904/0186/files/BP0001-R-1ctw-W-C.jpg?v=1749223196,BP0001-R-1CTW-W-18k-f-89CDD50A5
BP0001-R-2CTW-W-18k-f,F62FC01A5,https://cdn.shopify.com/s/files/1/0937/6904/0186/files/BP0001-R-2ctw-W-B.jpg?v=1749223302,https://cdn.shopify.com/s/files/1/0937/6904/0186/files/BP0001-R-2ctw-W-C.jpg?v=1749223302,BP0001-R-2CTW-W-18k-f-F62FC01A5
BP0001-R-3CTW-W-18k-f,E589A5198,https://cdn.shopify.com/s/files/1/0937/6904/0186/files/BP0001-R-3ctw-W-B.jpg?v=1749223556,https://cdn.shopify.com/s/files/1/0937/6904/0186/files/BP0001-R-3ctw-W-C.jpg?v=1749223556,BP0001-R-3CTW-W-18k-f-E589A5198
BP0001-R-4CTW-W-18k-f,A2775DADB,https://cdn.shopify.com/s/files/1/0937/6904/0186/files/BP0001-R-4ctw-W-B.jpg?v=1749223620,https://cdn.shopify.com/s/files/1/0937/6904/0186/files/BP0001-R-4ctw-W-C.jpg?v=1749223620,BP0001-R-4CTW-W-18k-f-A2775DADB
BP0001-R-5CTW-W-18k-f,3B7725012,https://cdn.shopify.com/s/files/1/0937/6904/0186/files/BP0001-R-5ctw-W-B.jpg?v=1749223686,https://cdn.shopify.com/s/files/1/0937/6904/0186/files/BP0001-R-5ctw-W-C.jpg?v=1749223686,BP0001-R-5CTW-W-18k-f-3B7725012
BP0001-P-1CTW-W-18k-f,54BBF7277,https://cdn.shopify.com/s/files/1/0937/6904/0186/files/BP0001-P-1ctw-W-B.jpg?v=1749225107,https://cdn.shopify.com/s/files/1/0937/6904/0186/files/BP0001-P-1ctw-W-A.jpg?v=1749225107,BP0001-P-1CTW-W-18k-f-54BBF7277
BP0001-P-2CTW-W-18k-f,2378C79F8,https://cdn.shopify.com/s/files/1/0937/6904/0186/files/BP0001-P-2ctw-W-B.jpg?v=1749225251,https://cdn.shopify.com/s/files/1/0937/6904/0186/files/BP0001-P-2ctw-W-C.jpg?v=1749225251,BP0001-P-2CTW-W-18k-f-2378C79F8
BP0001-P-3CTW-W-18k-f,E9E660E8E,https://cdn.shopify.com/s/files/1/0937/6904/0186/files/BP0001-P-3ctw-W-B.jpg?v=1749225491,https://cdn.shopify.com/s/files/1/0937/6904/0186/files/BP0001-P-3ctw-W-C.jpg?v=1749225491,BP0001-P-3CTW-W-18k-f-E9E660E8E
BP0001-P-4CTW-W-18k-f,FCB21981A,https://cdn.shopify.com/s/files/1/0937/6904/0186/files/BP0001-P-4ctw-W-B.jpg?v=1749225567,https://cdn.shopify.com/s/files/1/0937/6904/0186/files/BP0001-P-4ctw-W-C.jpg?v=1749225567,BP0001-P-4CTW-W-18k-f-FCB21981A
BP0001-P-5CTW-W-18k-f,,https://cdn.shopify.com/s/files/1/0937/6904/0186/files/BP0001-P-5ctw-W-B.jpg?v=1749225635,https://cdn.shopify.com/s/files/1/0937/6904/0186/files/BP0001-P-5ctw-W-C.jpg?v=1749225634,BP0001-P-5CTW-W-18k-f-
BP0001-P-1CTW-W-18k-f,54BBF7277,https://cdn.shopify.com/s/files/1/0937/6904/0186/files/BP0001-P-1ctw-W-B_63e6a4f5-424a-442b-8f17-d5e8104b2659.jpg?v=1749227007,https://cdn.shopify.com/s/files/1/0937/6904/0186/files/BP0001-P-1ctw-W-C_d760085b-3779-4b71-b431-75d528f57f5e.jpg?v=1749227006,BP0001-P-1CTW-W-18k-f-54BBF7277
BP0001-P-2CTW-W-18k-f,2378C79F8,https://cdn.shopify.com/s/files/1/0937/6904/0186/files/BP0001-P-2ctw-W-B_5e78cc3a-146a-4395-94a5-a1c2e1a5d4fc.jpg?v=1749227120,https://cdn.shopify.com/s/files/1/0937/6904/0186/files/BP0001-P-2ctw-W-C_813ba323-4d08-44ca-83ef-e18aff259767.jpg?v=1749227120,BP0001-P-2CTW-W-18k-f-2378C79F8
BP0001-P-3CTW-W-18k-f,E9E660E8E,https://cdn.shopify.com/s/files/1/0937/6904/0186/files/BP0001-P-3ctw-W-B_357b2f40-f949-4ce7-b298-a173f6b045d9.jpg?v=1749227210,https://cdn.shopify.com/s/files/1/0937/6904/0186/files/BP0001-P-3ctw-W-C_f41b456d-c279-4ed0-b55b-c819f5adbc63.jpg?v=1749227210,BP0001-P-3CTW-W-18k-f-E9E660E8E
BP0001-P-4CTW-W-18k-f,FCB21981A,https://cdn.shopify.com/s/files/1/0937/6904/0186/files/BP0001-P-4ctw-W-B_cf8e5d5c-cfe3-4f61-a272-d0a1f5ace174.jpg?v=1749227274,https://cdn.shopify.com/s/files/1/0937/6904/0186/files/BP0001-P-4ctw-W-C_44cff8be-b949-423b-be2f-af6d66ce445c.jpg?v=1749227274,BP0001-P-4CTW-W-18k-f-FCB21981A
BP0001-P-5CTW-W-18k-f,,https://cdn.shopify.com/s/files/1/0937/6904/0186/files/BP0001-P-5ctw-W-B_af74ceae-8353-4ba9-bdaf-e516b01595cd.jpg?v=1749227404,https://cdn.shopify.com/s/files/1/0937/6904/0186/files/BP0001-P-5ctw-W-C_c6e8a4ae-e58b-4055-8494-126379ff44a7.jpg?v=1749227404,BP0001-P-5CTW-W-18k-f-
BP0001-E-1CTW-W-18k-f,6E25CEE6A,https://cdn.shopify.com/s/files/1/0937/6904/0186/files/BP0001-E-1ctw-W-B.jpg?v=1749225908,https://cdn.shopify.com/s/files/1/0937/6904/0186/files/BP0001-E-1ctw-W-C.jpg?v=1749225907,BP0001-E-1CTW-W-18k-f-6E25CEE6A
BP0001-E-2CTW-W-18k-f,3E41E49E3,https://cdn.shopify.com/s/files/1/0937/6904/0186/files/BP0001-E-2ctw-W-B.jpg?v=1749225980,https://cdn.shopify.com/s/files/1/0937/6904/0186/files/BP0001-E-2ctw-W-C.jpg?v=1749225979,BP0001-E-2CTW-W-18k-f-3E41E49E3
BP0001-E-3CTW-W-18k-f,40E6A6769,https://cdn.shopify.com/s/files/1/0937/6904/0186/files/BP0001-E-3ctw-W-B.jpg?v=1749226042,https://cdn.shopify.com/s/files/1/0937/6904/0186/files/BP0001-E-3ctw-W-C.jpg?v=1749226041,BP0001-E-3CTW-W-18k-f-40E6A6769
BP0001-E-4CTW-W-18k-f,E23F34615,https://cdn.shopify.com/s/files/1/0937/6904/0186/files/BP0001-E-4ctw-W-B.jpg?v=1749226142,https://cdn.shopify.com/s/files/1/0937/6904/0186/files/BP0001-E-4ctw-W-C.jpg?v=1749226142,BP0001-E-4CTW-W-18k-f-E23F34615
BP0001-E-5CTW-W-18k-f,1D6651896,https://cdn.shopify.com/s/files/1/0937/6904/0186/files/BP0001-E-5ctw-W-B.jpg?v=1749226200,https://cdn.shopify.com/s/files/1/0937/6904/0186/files/BP0001-E-5ctw-W-C.jpg?v=1749226200,BP0001-E-5CTW-W-18k-f-1D6651896
BP0001-C-1CTW-Y-18k-f,,https://cdn.shopify.com/s/files/1/0937/6904/0186/files/BP0001-C-1ctw-Y-B.jpg?v=1749227408,https://cdn.shopify.com/s/files/1/0937/6904/0186/files/BP0001-C-1ctw-Y-C.jpg?v=1749227408,BP0001-C-1CTW-Y-18k-f-
BP0001-C-2CTW-Y-18k-f,,https://cdn.shopify.com/s/files/1/0937/6904/0186/files/BP0001-C-2ctw-Y-B.jpg?v=1749227458,https://cdn.shopify.com/s/files/1/0937/6904/0186/files/BP0001-C-2ctw-Y-C.jpg?v=1749227458,BP0001-C-2CTW-Y-18k-f-
BP0001-C-3CTW-Y-18k-f,,https://cdn.shopify.com/s/files/1/0937/6904/0186/files/BP0001-C-3ctw-Y-B.jpg?v=1749227512,https://cdn.shopify.com/s/files/1/0937/6904/0186/files/BP0001-C-3ctw-Y-C.jpg?v=1749227511,BP0001-C-3CTW-Y-18k-f-
BP0001-C-4CTW-Y-18k-f,,https://cdn.shopify.com/s/files/1/0937/6904/0186/files/BP0001-C-4ctw-Y-B.jpg?v=1749227540,https://cdn.shopify.com/s/files/1/0937/6904/0186/files/BP0001-C-4ctw-Y-C.jpg?v=1749227540,BP0001-C-4CTW-Y-18k-f-
BP0001-C-5CTW-Y-18k-f,,https://cdn.shopify.com/s/files/1/0937/6904/0186/files/BP0001-C-5ctw-Y-B.jpg?v=1749227595,https://cdn.shopify.com/s/files/1/0937/6904/0186/files/BP0001-C-5ctw-Y-C.jpg?v=1749227595,BP0001-C-5CTW-Y-18k-f-
BP0001-O-1CTW-Y-18k-f,E7D71389A,https://cdn.shopify.com/s/files/1/0937/6904/0186/files/BP0001-O-1ctw-Y-B.jpg?v=1749225178,https://cdn.shopify.com/s/files/1/0937/6904/0186/files/BP0001-O-1ctw-Y-C.jpg?v=1749225178,BP0001-O-1CTW-Y-18k-f-E7D71389A
BP0001-O-2CTW-Y-18k-f,81B19F375,https://cdn.shopify.com/s/files/1/0937/6904/0186/files/BP0001-O-2ctw-Y-B.jpg?v=1749225255,https://cdn.shopify.com/s/files/1/0937/6904/0186/files/BP0001-O-2ctw-Y-C.jpg?v=1749225255,BP0001-O-2CTW-Y-18k-f-81B19F375
BP0001-O-3CTW-Y-18k-f,9E4F4E3EF,https://cdn.shopify.com/s/files/1/0937/6904/0186/files/BP0001-O-3ctw-Y-B.jpg?v=1749225360,https://cdn.shopify.com/s/files/1/0937/6904/0186/files/BP0001-O-3ctw-Y-C.jpg?v=1749225360,BP0001-O-3CTW-Y-18k-f-9E4F4E3EF
BP0001-O-4CTW-Y-18k-f,0C3158200,https://cdn.shopify.com/s/files/1/0937/6904/0186/files/BP0001-O-4ctw-Y-B.jpg?v=1749225433,https://cdn.shopify.com/s/files/1/0937/6904/0186/files/BP0001-O-4ctw-Y-C.jpg?v=1749225433,BP0001-O-4CTW-Y-18k-f-0C3158200
BP0001-O-5CTW-Y-18k-f,1509E0EF8,https://cdn.shopify.com/s/files/1/0937/6904/0186/files/BP0001-O-5ctw-Y-B.jpg?v=1749225494,https://cdn.shopify.com/s/files/1/0937/6904/0186/files/BP0001-O-5ctw-Y-C.jpg?v=1749225494,BP0001-O-5CTW-Y-18k-f-1509E0EF8
BP0001-R-1CTW-Y-18k-f,89CDD50A5,https://cdn.shopify.com/s/files/1/0937/6904/0186/files/BP0001-R-1ctw-Y-B.jpg?v=1749223869,https://cdn.shopify.com/s/files/1/0937/6904/0186/files/BP0001-R-1ctw-Y-C.jpg?v=1749223869,BP0001-R-1CTW-Y-18k-f-89CDD50A5
BP0001-R-2CTW-Y-18k-f,F62FC01A5,https://cdn.shopify.com/s/files/1/0937/6904/0186/files/BP0001-R-2ctw-Y-B.jpg?v=1749223934,https://cdn.shopify.com/s/files/1/0937/6904/0186/files/BP0001-R-2ctw-Y-C.jpg?v=1749223934,BP0001-R-2CTW-Y-18k-f-F62FC01A5
BP0001-R-3CTW-Y-18k-f,E589A5198,https://cdn.shopify.com/s/files/1/0937/6904/0186/files/BP0001-R-3ctw-Y-B.jpg?v=1749223982,https://cdn.shopify.com/s/files/1/0937/6904/0186/files/BP0001-R-3ctw-Y-C.jpg?v=1749223982,BP0001-R-3CTW-Y-18k-f-E589A5198
BP0001-R-4CTW-Y-18k-f,A2775DADB,https://cdn.shopify.com/s/files/1/0937/6904/0186/files/BP0001-R-4ctw-Y-B.jpg?v=1749224328,https://cdn.shopify.com/s/files/1/0937/6904/0186/files/BP0001-R-4ctw-Y-C.jpg?v=1749224327,BP0001-R-4CTW-Y-18k-f-A2775DADB
BP0001-R-5CTW-Y-18k-f,3B7725012,https://cdn.shopify.com/s/files/1/0937/6904/0186/files/BP0001-R-5ctw-Y-B.jpg?v=1749224389,https://cdn.shopify.com/s/files/1/0937/6904/0186/files/BP0001-R-5ctw-Y-C.jpg?v=1749224388,BP0001-R-5CTW-Y-18k-f-3B7725012
BP0001-P-1CTW-Y-18k-f,54BBF7277,https://cdn.shopify.com/s/files/1/0937/6904/0186/files/BP0001-P-1ctw-Y-B.jpg?v=1749225735,https://cdn.shopify.com/s/files/1/0937/6904/0186/files/BP0001-P-1ctw-Y-C.jpg?v=1749225735,BP0001-P-1CTW-Y-18k-f-54BBF7277
BP0001-P-2CTW-Y-18k-f,2378C79F8,https://cdn.shopify.com/s/files/1/0937/6904/0186/files/BP0001-P-2ctw-Y-B.jpg?v=1749225800,https://cdn.shopify.com/s/files/1/0937/6904/0186/files/BP0001-P-2ctw-Y-C.jpg?v=1749225800,BP0001-P-2CTW-Y-18k-f-2378C79F8
BP0001-P-3CTW-Y-18k-f,E9E660E8E,https://cdn.shopify.com/s/files/1/0937/6904/0186/files/BP0001-P-3ctw-Y-B.jpg?v=1749225891,https://cdn.shopify.com/s/files/1/0937/6904/0186/files/BP0001-P-3ctw-Y-C.jpg?v=1749225891,BP0001-P-3CTW-Y-18k-f-E9E660E8E
BP0001-P-4CTW-Y-18k-f,FCB21981A,https://cdn.shopify.com/s/files/1/0937/6904/0186/files/BP0001-P-4ctw-Y-B.jpg?v=1749225966,https://cdn.shopify.com/s/files/1/0937/6904/0186/files/BP0001-P-4ctw-Y-C.jpg?v=1749225966,BP0001-P-4CTW-Y-18k-f-FCB21981A
BP0001-P-5CTW-Y-18k-f,,https://cdn.shopify.com/s/files/1/0937/6904/0186/files/BP0001-P-5ctw-Y-B.jpg?v=1749226019,https://cdn.shopify.com/s/files/1/0937/6904/0186/files/BP0001-P-5ctw-Y-C.jpg?v=1749226019,BP0001-P-5CTW-Y-18k-f-
BP0001-P-1CTW-Y-18k-f,54BBF7277,https://cdn.shopify.com/s/files/1/0937/6904/0186/files/BP0001-P-1ctw-Y-B_b2571419-d913-45c3-b00d-ec87660976a1.jpg?v=1749227494,https://cdn.shopify.com/s/files/1/0937/6904/0186/files/BP0001-P-1ctw-Y-C_77d99c97-a6e3-4346-b69d-e34f075feb1a.jpg?v=1749227494,BP0001-P-1CTW-Y-18k-f-54BBF7277
BP0001-P-2CTW-Y-18k-f,2378C79F8,https://cdn.shopify.com/s/files/1/0937/6904/0186/files/BP0001-P-2ctw-Y-B_6acc010a-71dd-4a51-8f10-6b3fb3f5654b.jpg?v=1749227556,https://cdn.shopify.com/s/files/1/0937/6904/0186/files/BP0001-P-2ctw-Y-C_3fde471f-9201-40fc-b1bc-a31ff109e540.jpg?v=1749227555,BP0001-P-2CTW-Y-18k-f-2378C79F8
BP0001-P-3CTW-Y-18k-f,E9E660E8E,https://cdn.shopify.com/s/files/1/0937/6904/0186/files/BP0001-P-3ctw-Y-B_68ee2f08-5031-4062-8df0-201dbd399382.jpg?v=1749227606,https://cdn.shopify.com/s/files/1/0937/6904/0186/files/BP0001-P-3ctw-Y-C_bee62a56-cf6d-4247-bef8-be50533c0d51.jpg?v=1749227606,BP0001-P-3CTW-Y-18k-f-E9E660E8E
BP0001-P-4CTW-Y-18k-f,FCB21981A,https://cdn.shopify.com/s/files/1/0937/6904/0186/files/BP0001-P-4ctw-Y-B_efa04b8a-b553-4346-8b8f-d25dd635e06d.jpg?v=1749228181,https://cdn.shopify.com/s/files/1/0937/6904/0186/files/BP0001-P-4ctw-Y-C_70a7f198-238a-438c-8478-c13245f5d248.jpg?v=1749228180,BP0001-P-4CTW-Y-18k-f-FCB21981A
BP0001-P-5CTW-Y-18k-f,,https://cdn.shopify.com/s/files/1/0937/6904/0186/files/BP0001-P-5ctw-Y-B_0e9a65ab-ddc0-4f0b-9514-395583f792b1.jpg?v=1749228251,https://cdn.shopify.com/s/files/1/0937/6904/0186/files/BP0001-P-5ctw-Y-C_61aee2c1-dd39-4874-8197-caeafb9f35d5.jpg?v=1749228251,BP0001-P-5CTW-Y-18k-f-
BP0001-E-1CTW-Y-18k-f,6E25CEE6A,https://cdn.shopify.com/s/files/1/0937/6904/0186/files/BP0001-E-1ctw-Y-B.jpg?v=1749226266,https://cdn.shopify.com/s/files/1/0937/6904/0186/files/BP0001-E-1ctw-Y-C.jpg?v=1749226266,BP0001-E-1CTW-Y-18k-f-6E25CEE6A
BP0001-E-2CTW-Y-18k-f,3E41E49E3,https://cdn.shopify.com/s/files/1/0937/6904/0186/files/BP0001-E-2ctw-Y-B.jpg?v=1749226329,https://cdn.shopify.com/s/files/1/0937/6904/0186/files/BP0001-E-2ctw-Y-C.jpg?v=1749226329,BP0001-E-2CTW-Y-18k-f-3E41E49E3
BP0001-E-3CTW-Y-18k-f,40E6A6769,https://cdn.shopify.com/s/files/1/0937/6904/0186/files/BP0001-E-3ctw-Y-B.jpg?v=1749226395,https://cdn.shopify.com/s/files/1/0937/6904/0186/files/BP0001-E-3ctw-Y-C.jpg?v=1749226395,BP0001-E-3CTW-Y-18k-f-40E6A6769
BP0001-E-4CTW-Y-18k-f,E23F34615,https://cdn.shopify.com/s/files/1/0937/6904/0186/files/BP0001-E-4ctw-Y-B.jpg?v=1749226475,https://cdn.shopify.com/s/files/1/0937/6904/0186/files/BP0001-E-4ctw-Y-C.jpg?v=1749226475,BP0001-E-4CTW-Y-18k-f-E23F34615
BP0001-E-5CTW-Y-18k-f,1D6651896,https://cdn.shopify.com/s/files/1/0937/6904/0186/files/BP0001-E-5ctw-Y-B.jpg?v=1749226533,https://cdn.shopify.com/s/files/1/0937/6904/0186/files/BP0001-E-5ctw-Y-C.jpg?v=1749226533,BP0001-E-5CTW-Y-18k-f-1D6651896
BP0001-C-1CTW-R-18k-f,,https://cdn.shopify.com/s/files/1/0937/6904/0186/files/BP0001-C-1ctw-R-B.jpg?v=1749227984,https://cdn.shopify.com/s/files/1/0937/6904/0186/files/BP0001-C-1ctw-R-C.jpg?v=1749227984,BP0001-C-1CTW-R-18k-f-
BP0001-C-2CTW-R-18k-f,,https://cdn.shopify.com/s/files/1/0937/6904/0186/files/BP0001-C-2ctw-R-B.jpg?v=1749228057,https://cdn.shopify.com/s/files/1/0937/6904/0186/files/BP0001-C-2ctw-R-C.jpg?v=1749228057,BP0001-C-2CTW-R-18k-f-
BP0001-C-3CTW-R-18k-f,,https://cdn.shopify.com/s/files/1/0937/6904/0186/files/BP0001-C-3ctw-R-B.jpg?v=1749228110,https://cdn.shopify.com/s/files/1/0937/6904/0186/files/BP0001-C-3ctw-R-C.jpg?v=1749228110,BP0001-C-3CTW-R-18k-f-
BP0001-C-4CTW-R-18k-f,,https://cdn.shopify.com/s/files/1/0937/6904/0186/files/BP0001-C-4ctw-R-B.jpg?v=1749228165,https://cdn.shopify.com/s/files/1/0937/6904/0186/files/BP0001-C-4ctw-R-C.jpg?v=1749228165,BP0001-C-4CTW-R-18k-f-
BP0001-C-5CTW-R-18k-f,,https://cdn.shopify.com/s/files/1/0937/6904/0186/files/BP0001-C-5ctw-R-B.jpg?v=1749228224,https://cdn.shopify.com/s/files/1/0937/6904/0186/files/BP0001-C-5ctw-R-C.jpg?v=1749228224,BP0001-C-5CTW-R-18k-f-
BP0001-O-1CTW-R-18k-f,E7D71389A,https://cdn.shopify.com/s/files/1/0937/6904/0186/files/BP0001-O-1ctw-R-B.jpg?v=1749225565,https://cdn.shopify.com/s/files/1/0937/6904/0186/files/BP0001-O-1ctw-R-C.jpg?v=1749225565,BP0001-O-1CTW-R-18k-f-E7D71389A
BP0001-O-2CTW-R-18k-f,81B19F375,https://cdn.shopify.com/s/files/1/0937/6904/0186/files/BP0001-O-2ctw-R-B.jpg?v=1749225630,https://cdn.shopify.com/s/files/1/0937/6904/0186/files/BP0001-O-2ctw-R-C.jpg?v=1749225630,BP0001-O-2CTW-R-18k-f-81B19F375
BP0001-O-3CTW-R-18k-f,9E4F4E3EF,https://cdn.shopify.com/s/files/1/0937/6904/0186/files/BP0001-O-3ctw-R-B.jpg?v=1749225696,https://cdn.shopify.com/s/files/1/0937/6904/0186/files/BP0001-O-3ctw-R-C.jpg?v=1749225696,BP0001-O-3CTW-R-18k-f-9E4F4E3EF
BP0001-O-4CTW-R-18k-f,0C3158200,https://cdn.shopify.com/s/files/1/0937/6904/0186/files/BP0001-O-4ctw-R-B.jpg?v=1749225753,https://cdn.shopify.com/s/files/1/0937/6904/0186/files/BP0001-O-4ctw-R-C.jpg?v=1749225753,BP0001-O-4CTW-R-18k-f-0C3158200
BP0001-O-5CTW-R-18k-f,1509E0EF8,https://cdn.shopify.com/s/files/1/0937/6904/0186/files/BP0001-O-5ctw-R-B.jpg?v=1749225810,https://cdn.shopify.com/s/files/1/0937/6904/0186/files/BP0001-O-5ctw-R-C.jpg?v=1749225810,BP0001-O-5CTW-R-18k-f-1509E0EF8
BP0001-R-1CTW-R-18k-f,89CDD50A5,https://cdn.shopify.com/s/files/1/0937/6904/0186/files/BP0001-R-1ctw-R-B.jpg?v=1749224483,https://cdn.shopify.com/s/files/1/0937/6904/0186/files/BP0001-R-1ctw-R-C.jpg?v=1749224483,BP0001-R-1CTW-R-18k-f-89CDD50A5
BP0001-R-2CTW-R-18k-f,F62FC01A5,https://cdn.shopify.com/s/files/1/0937/6904/0186/files/BP0001-R-2ctw-R-B.jpg?v=1749224634,https://cdn.shopify.com/s/files/1/0937/6904/0186/files/BP0001-R-2ctw-R-C.jpg?v=1749224632,BP0001-R-2CTW-R-18k-f-F62FC01A5
BP0001-R-3CTW-R-18k-f,E589A5198,https://cdn.shopify.com/s/files/1/0937/6904/0186/files/BP0001-R-3ctw-R-B.jpg?v=1749224720,https://cdn.shopify.com/s/files/1/0937/6904/0186/files/BP0001-R-3ctw-R-C.jpg?v=1749224719,BP0001-R-3CTW-R-18k-f-E589A5198
BP0001-R-4CTW-R-18k-f,A2775DADB,https://cdn.shopify.com/s/files/1/0937/6904/0186/files/BP0001-R-4ctw-R-B.jpg?v=1749224775,https://cdn.shopify.com/s/files/1/0937/6904/0186/files/BP0001-R-4ctw-R-C.jpg?v=1749224774,BP0001-R-4CTW-R-18k-f-A2775DADB
BP0001-R-5CTW-R-18k-f,3B7725012,https://cdn.shopify.com/s/files/1/0937/6904/0186/files/BP0001-R-5ctw-R-B.jpg?v=1749224885,https://cdn.shopify.com/s/files/1/0937/6904/0186/files/BP0001-R-5ctw-R-C.jpg?v=1749224884,BP0001-R-5CTW-R-18k-f-3B7725012
BP0001-P-1CTW-R-18k-f,54BBF7277,https://cdn.shopify.com/s/files/1/0937/6904/0186/files/BP0001-P-1ctw-R-B.jpg?v=1749226137,https://cdn.shopify.com/s/files/1/0937/6904/0186/files/BP0001-P-1ctw-R-C.jpg?v=1749226136,BP0001-P-1CTW-R-18k-f-54BBF7277
BP0001-P-2CTW-R-18k-f,2378C79F8,https://cdn.shopify.com/s/files/1/0937/6904/0186/files/BP0001-P-2ctw-R-B.jpg?v=1749226198,https://cdn.shopify.com/s/files/1/0937/6904/0186/files/BP0001-P-2ctw-R-C.jpg?v=1749226197,BP0001-P-2CTW-R-18k-f-2378C79F8
BP0001-P-3CTW-R-18k-f,E9E660E8E,https://cdn.shopify.com/s/files/1/0937/6904/0186/files/BP0001-P-3ctw-R-B.jpg?v=1749226264,https://cdn.shopify.com/s/files/1/0937/6904/0186/files/BP0001-P-3ctw-R-C.jpg?v=1749226263,BP0001-P-3CTW-R-18k-f-E9E660E8E
BP0001-P-4CTW-R-18k-f,FCB21981A,https://cdn.shopify.com/s/files/1/0937/6904/0186/files/BP0001-P-4ctw-R-B.jpg?v=1749226323,https://cdn.shopify.com/s/files/1/0937/6904/0186/files/BP0001-P-4ctw-R-C.jpg?v=1749226322,BP0001-P-4CTW-R-18k-f-FCB21981A
BP0001-P-5CTW-R-18k-f,,https://cdn.shopify.com/s/files/1/0937/6904/0186/files/BP0001-P-5ctw-R-B.jpg?v=1749226371,https://cdn.shopify.com/s/files/1/0937/6904/0186/files/BP0001-P-5ctw-R-C.jpg?v=1749226371,BP0001-P-5CTW-R-18k-f-
BP0001-P-1CTW-R-18k-f,54BBF7277,https://cdn.shopify.com/s/files/1/0937/6904/0186/files/BP0001-P-1ctw-R-B_197dc124-0649-437f-97a7-e1335879c8a8.jpg?v=1749228645,https://cdn.shopify.com/s/files/1/0937/6904/0186/files/BP0001-P-1ctw-R-C_43661fc1-f1c4-4aa3-a893-8c3a1ee9ecb0.jpg?v=1749228645,BP0001-P-1CTW-R-18k-f-54BBF7277
BP0001-P-2CTW-R-18k-f,2378C79F8,https://cdn.shopify.com/s/files/1/0937/6904/0186/files/BP0001-P-2ctw-R-B_397934eb-2f78-4e0a-8a53-a2de60eb810d.jpg?v=1749228705,https://cdn.shopify.com/s/files/1/0937/6904/0186/files/BP0001-P-2ctw-R-C_fee402d8-def7-45d9-a493-93af29642bc6.jpg?v=1749228705,BP0001-P-2CTW-R-18k-f-2378C79F8
BP0001-P-3CTW-R-18k-f,E9E660E8E,https://cdn.shopify.com/s/files/1/0937/6904/0186/files/BP0001-P-3ctw-R-B_1318ab32-421f-4160-a560-88cd470b4196.jpg?v=1749228774,https://cdn.shopify.com/s/files/1/0937/6904/0186/files/BP0001-P-3ctw-R-C_8cdc9923-58ff-4385-b8fc-ee99a7cdeb2e.jpg?v=1749228774,BP0001-P-3CTW-R-18k-f-E9E660E8E
BP0001-P-4CTW-R-18k-f,FCB21981A,https://cdn.shopify.com/s/files/1/0937/6904/0186/files/BP0001-P-4ctw-R-B_b02fa70f-b39c-4701-be8d-4a5a4b7f695b.jpg?v=1749228851,https://cdn.shopify.com/s/files/1/0937/6904/0186/files/BP0001-P-4ctw-R-C_83cd5221-3146-47f2-b0e5-3e1a7f9e94e3.jpg?v=1749228851,BP0001-P-4CTW-R-18k-f-FCB21981A
BP0001-P-5CTW-R-18k-f,,https://cdn.shopify.com/s/files/1/0937/6904/0186/files/BP0001-P-5ctw-R-B_087c45fe-8265-42a2-8860-c6de3f8cc925.jpg?v=1749228915,https://cdn.shopify.com/s/files/1/0937/6904/0186/files/BP0001-P-5ctw-R-C_f7990541-de32-4cff-8e73-63c8de39c46a.jpg?v=1749228914,BP0001-P-5CTW-R-18k-f-
BP0001-E-1CTW-R-18k-f,6E25CEE6A,https://cdn.shopify.com/s/files/1/0937/6904/0186/files/BP0001-E-1ctw-R-B.jpg?v=1749226678,https://cdn.shopify.com/s/files/1/0937/6904/0186/files/BP0001-E-1ctw-R-C.jpg?v=1749226678,BP0001-E-1CTW-R-18k-f-6E25CEE6A
BP0001-E-2CTW-R-18k-f,3E41E49E3,https://cdn.shopify.com/s/files/1/0937/6904/0186/files/BP0001-E-2ctw-R-B.jpg?v=1749226743,https://cdn.shopify.com/s/files/1/0937/6904/0186/files/BP0001-E-2ctw-R-C.jpg?v=1749226743,BP0001-E-2CTW-R-18k-f-3E41E49E3
BP0001-E-3CTW-R-18k-f,40E6A6769,https://cdn.shopify.com/s/files/1/0937/6904/0186/files/BP0001-E-3ctw-R-B.jpg?v=1749226799,https://cdn.shopify.com/s/files/1/0937/6904/0186/files/BP0001-E-3ctw-R-C.jpg?v=1749226799,BP0001-E-3CTW-R-18k-f-40E6A6769
BP0001-E-4CTW-R-18k-f,E23F34615,https://cdn.shopify.com/s/files/1/0937/6904/0186/files/BP0001-E-4ctw-R-B.jpg?v=1749226864,https://cdn.shopify.com/s/files/1/0937/6904/0186/files/BP0001-E-4ctw-R-C.jpg?v=1749226864,BP0001-E-4CTW-R-18k-f-E23F34615
BP0001-E-5CTW-R-18k-f,1D6651896,https://cdn.shopify.com/s/files/1/0937/6904/0186/files/BP0001-E-5ctw-R-B.jpg?v=1749226924,https://cdn.shopify.com/s/files/1/0937/6904/0186/files/BP0001-E-5ctw-R-C.jpg?v=1749226923,BP0001-E-5CTW-R-18k-f-1D6651896
BP0001-C-1CTW-P-f,,https://cdn.shopify.com/s/files/1/0937/6904/0186/files/BP0001-C-1ctw-W-B.jpg?v=1749227113,https://cdn.shopify.com/s/files/1/0937/6904/0186/files/BP0001-C-1ctw-W-C.jpg?v=1749227113,BP0001-C-1CTW-P-f-
BP0001-C-2CTW-P-f,,https://cdn.shopify.com/s/files/1/0937/6904/0186/files/BP0001-C-2ctw-W-B.jpg?v=1749227171,https://cdn.shopify.com/s/files/1/0937/6904/0186/files/BP0001-C-2ctw-W-C.jpg?v=1749227171,BP0001-C-2CTW-P-f-
BP0001-C-3CTW-P-f,,https://cdn.shopify.com/s/files/1/0937/6904/0186/files/BP0001-C-3ctw-W-B.jpg?v=1749227224,https://cdn.shopify.com/s/files/1/0937/6904/0186/files/BP0001-C-3ctw-W-C.jpg?v=1749227224,BP0001-C-3CTW-P-f-
BP0001-C-4CTW-P-f,,https://cdn.shopify.com/s/files/1/0937/6904/0186/files/BP0001-C-4ctw-W-B.jpg?v=1749227278,https://cdn.shopify.com/s/files/1/0937/6904/0186/files/BP0001-C-4ctw-W-C.jpg?v=1749227277,BP0001-C-4CTW-P-f-
BP0001-C-5CTW-P-f,,https://cdn.shopify.com/s/files/1/0937/6904/0186/files/BP0001-C-5ctw-W-B.jpg?v=1749227331,https://cdn.shopify.com/s/files/1/0937/6904/0186/files/BP0001-C-5ctw-W-C.jpg?v=1749227331,BP0001-C-5CTW-P-f-
BP0001-O-1CTW-P-f,E7D71389A,https://cdn.shopify.com/s/files/1/0937/6904/0186/files/BP0001-O-1ctw-W-B.jpg?v=1749224636,https://cdn.shopify.com/s/files/1/0937/6904/0186/files/BP0001-O-1ctw-W-C.jpg?v=1749224636,BP0001-O-1CTW-P-f-E7D71389A
BP0001-O-2CTW-P-f,81B19F375,https://cdn.shopify.com/s/files/1/0937/6904/0186/files/BP0001-O-2ctw-W-B.jpg?v=1749224791,https://cdn.shopify.com/s/files/1/0937/6904/0186/files/BP0001-O-2ctw-W-C.jpg?v=1749224790,BP0001-O-2CTW-P-f-81B19F375
BP0001-O-3CTW-P-f,9E4F4E3EF,https://cdn.shopify.com/s/files/1/0937/6904/0186/files/BP0001-O-3ctw-W-B.jpg?v=1749224875,https://cdn.shopify.com/s/files/1/0937/6904/0186/files/BP0001-O-3ctw-W-C.jpg?v=1749224875,BP0001-O-3CTW-P-f-9E4F4E3EF
BP0001-O-4CTW-P-f,0C3158200,https://cdn.shopify.com/s/files/1/0937/6904/0186/files/BP0001-O-4ctw-W-B.jpg?v=1749224996,https://cdn.shopify.com/s/files/1/0937/6904/0186/files/BP0001-O-4ctw-W-C.jpg?v=1749224996,BP0001-O-4CTW-P-f-0C3158200
BP0001-O-5CTW-P-f,1509E0EF8,https://cdn.shopify.com/s/files/1/0937/6904/0186/files/BP0001-O-5ctw-W-B.jpg?v=1749225099,https://cdn.shopify.com/s/files/1/0937/6904/0186/files/BP0001-O-5ctw-W-C.jpg?v=1749225099,BP0001-O-5CTW-P-f-1509E0EF8
BP0001-R-1CTW-P-f,89CDD50A5,https://cdn.shopify.com/s/files/1/0937/6904/0186/files/BP0001-R-1ctw-W-B.jpg?v=1749223197,https://cdn.shopify.com/s/files/1/0937/6904/0186/files/BP0001-R-1ctw-W-C.jpg?v=1749223196,BP0001-R-1CTW-P-f-89CDD50A5
BP0001-R-2CTW-P-f,F62FC01A5,https://cdn.shopify.com/s/files/1/0937/6904/0186/files/BP0001-R-2ctw-W-B.jpg?v=1749223302,https://cdn.shopify.com/s/files/1/0937/6904/0186/files/BP0001-R-2ctw-W-C.jpg?v=1749223302,BP0001-R-2CTW-P-f-F62FC01A5
BP0001-R-3CTW-P-f,E589A5198,https://cdn.shopify.com/s/files/1/0937/6904/0186/files/BP0001-R-3ctw-W-B.jpg?v=1749223556,https://cdn.shopify.com/s/files/1/0937/6904/0186/files/BP0001-R-3ctw-W-C.jpg?v=1749223556,BP0001-R-3CTW-P-f-E589A5198
BP0001-R-4CTW-P-f,A2775DADB,https://cdn.shopify.com/s/files/1/0937/6904/0186/files/BP0001-R-4ctw-W-B.jpg?v=1749223620,https://cdn.shopify.com/s/files/1/0937/6904/0186/files/BP0001-R-4ctw-W-C.jpg?v=1749223620,BP0001-R-4CTW-P-f-A2775DADB
BP0001-R-5CTW-P-f,3B7725012,https://cdn.shopify.com/s/files/1/0937/6904/0186/files/BP0001-R-5ctw-W-B.jpg?v=1749223686,https://cdn.shopify.com/s/files/1/0937/6904/0186/files/BP0001-R-5ctw-W-C.jpg?v=1749223686,BP0001-R-5CTW-P-f-3B7725012
BP0001-P-1CTW-P-f,54BBF7277,https://cdn.shopify.com/s/files/1/0937/6904/0186/files/BP0001-P-1ctw-W-B.jpg?v=1749225107,https://cdn.shopify.com/s/files/1/0937/6904/0186/files/BP0001-P-1ctw-W-A.jpg?v=1749225107,BP0001-P-1CTW-P-f-54BBF7277
BP0001-P-2CTW-P-f,2378C79F8,https://cdn.shopify.com/s/files/1/0937/6904/0186/files/BP0001-P-2ctw-W-B.jpg?v=1749225251,https://cdn.shopify.com/s/files/1/0937/6904/0186/files/BP0001-P-2ctw-W-C.jpg?v=1749225251,BP0001-P-2CTW-P-f-2378C79F8
BP0001-P-3CTW-P-f,E9E660E8E,https://cdn.shopify.com/s/files/1/0937/6904/0186/files/BP0001-P-3ctw-W-B.jpg?v=1749225491,https://cdn.shopify.com/s/files/1/0937/6904/0186/files/BP0001-P-3ctw-W-C.jpg?v=1749225491,BP0001-P-3CTW-P-f-E9E660E8E
BP0001-P-4CTW-P-f,FCB21981A,https://cdn.shopify.com/s/files/1/0937/6904/0186/files/BP0001-P-4ctw-W-B.jpg?v=1749225567,https://cdn.shopify.com/s/files/1/0937/6904/0186/files/BP0001-P-4ctw-W-C.jpg?v=1749225567,BP0001-P-4CTW-P-f-FCB21981A
BP0001-P-5CTW-P-f,,https://cdn.shopify.com/s/files/1/0937/6904/0186/files/BP0001-P-5ctw-W-B.jpg?v=1749225635,https://cdn.shopify.com/s/files/1/0937/6904/0186/files/BP0001-P-5ctw-W-C.jpg?v=1749225634,BP0001-P-5CTW-P-f-
BP0001-P-1CTW-P-f,54BBF7277,https://cdn.shopify.com/s/files/1/0937/6904/0186/files/BP0001-P-1ctw-W-B_63e6a4f5-424a-442b-8f17-d5e8104b2659.jpg?v=1749227007,https://cdn.shopify.com/s/files/1/0937/6904/0186/files/BP0001-P-1ctw-W-C_d760085b-3779-4b71-b431-75d528f57f5e.jpg?v=1749227006,BP0001-P-1CTW-P-f-54BBF7277
BP0001-P-2CTW-P-f,2378C79F8,https://cdn.shopify.com/s/files/1/0937/6904/0186/files/BP0001-P-2ctw-W-B_5e78cc3a-146a-4395-94a5-a1c2e1a5d4fc.jpg?v=1749227120,https://cdn.shopify.com/s/files/1/0937/6904/0186/files/BP0001-P-2ctw-W-C_813ba323-4d08-44ca-83ef-e18aff259767.jpg?v=1749227120,BP0001-P-2CTW-P-f-2378C79F8
BP0001-P-3CTW-P-f,E9E660E8E,https://cdn.shopify.com/s/files/1/0937/6904/0186/files/BP0001-P-3ctw-W-B_357b2f40-f949-4ce7-b298-a173f6b045d9.jpg?v=1749227210,https://cdn.shopify.com/s/files/1/0937/6904/0186/files/BP0001-P-3ctw-W-C_f41b456d-c279-4ed0-b55b-c819f5adbc63.jpg?v=1749227210,BP0001-P-3CTW-P-f-E9E660E8E
BP0001-P-4CTW-P-f,FCB21981A,https://cdn.shopify.com/s/files/1/0937/6904/0186/files/BP0001-P-4ctw-W-B_cf8e5d5c-cfe3-4f61-a272-d0a1f5ace174.jpg?v=1749227274,https://cdn.shopify.com/s/files/1/0937/6904/0186/files/BP0001-P-4ctw-W-C_44cff8be-b949-423b-be2f-af6d66ce445c.jpg?v=1749227274,BP0001-P-4CTW-P-f-FCB21981A
BP0001-P-5CTW-P-f,,https://cdn.shopify.com/s/files/1/0937/6904/0186/files/BP0001-P-5ctw-W-B_af74ceae-8353-4ba9-bdaf-e516b01595cd.jpg?v=1749227404,https://cdn.shopify.com/s/files/1/0937/6904/0186/files/BP0001-P-5ctw-W-C_c6e8a4ae-e58b-4055-8494-126379ff44a7.jpg?v=1749227404,BP0001-P-5CTW-P-f-
BP0001-E-1CTW-P-f,6E25CEE6A,https://cdn.shopify.com/s/files/1/0937/6904/0186/files/BP0001-E-1ctw-W-B.jpg?v=1749225908,https://cdn.shopify.com/s/files/1/0937/6904/0186/files/BP0001-E-1ctw-W-C.jpg?v=1749225907,BP0001-E-1CTW-P-f-6E25CEE6A
BP0001-E-2CTW-P-f,3E41E49E3,https://cdn.shopify.com/s/files/1/0937/6904/0186/files/BP0001-E-2ctw-W-B.jpg?v=1749225980,https://cdn.shopify.com/s/files/1/0937/6904/0186/files/BP0001-E-2ctw-W-C.jpg?v=1749225979,BP0001-E-2CTW-P-f-3E41E49E3
BP0001-E-3CTW-P-f,40E6A6769,https://cdn.shopify.com/s/files/1/0937/6904/0186/files/BP0001-E-3ctw-W-B.jpg?v=1749226042,https://cdn.shopify.com/s/files/1/0937/6904/0186/files/BP0001-E-3ctw-W-C.jpg?v=1749226041,BP0001-E-3CTW-P-f-40E6A6769
BP0001-E-4CTW-P-f,E23F34615,https://cdn.shopify.com/s/files/1/0937/6904/0186/files/BP0001-E-4ctw-W-B.jpg?v=1749226142,https://cdn.shopify.com/s/files/1/0937/6904/0186/files/BP0001-E-4ctw-W-C.jpg?v=1749226142,BP0001-E-4CTW-P-f-E23F34615
BP0001-E-5CTW-P-f,1D6651896,https://cdn.shopify.com/s/files/1/0937/6904/0186/files/BP0001-E-5ctw-W-B.jpg?v=1749226200,https://cdn.shopify.com/s/files/1/0937/6904/0186/files/BP0001-E-5ctw-W-C.jpg?v=1749226200,BP0001-E-5CTW-P-f-1D6651896
BP0002-O-1CTW-W-14k-f,E7D71389A,https://cdn.shopify.com/s/files/1/0937/6904/0186/files/BP0002-O-1ctw-W-B.jpg?v=1749229118,https://cdn.shopify.com/s/files/1/0937/6904/0186/files/BP0002-O-1ctw-W-C.jpg?v=1749229117,BP0002-O-1CTW-W-14k-f-E7D71389A
BP0002-O-2CTW-W-14k-f,81B19F375,https://cdn.shopify.com/s/files/1/0937/6904/0186/files/BP0002-O-2ctw-W-B.jpg?v=1749229347,https://cdn.shopify.com/s/files/1/0937/6904/0186/files/BP0002-O-2ctw-W-C.jpg?v=1749229347,BP0002-O-2CTW-W-14k-f-81B19F375
BP0002-O-3CTW-W-14k-f,9E4F4E3EF,https://cdn.shopify.com/s/files/1/0937/6904/0186/files/BP0002-O-3ctw-W-B.jpg?v=1749229415,https://cdn.shopify.com/s/files/1/0937/6904/0186/files/BP0002-O-3ctw-W-C.jpg?v=1749229415,BP0002-O-3CTW-W-14k-f-9E4F4E3EF
BP0002-R-1CTW-W-14k-f,89CDD50A5,https://cdn.shopify.com/s/files/1/0937/6904/0186/files/BP0002-R-1ctw-W-B.jpg?v=1749228514,https://cdn.shopify.com/s/files/1/0937/6904/0186/files/BP0002-R-1ctw-W-C.jpg?v=1749228514,BP0002-R-1CTW-W-14k-f-89CDD50A5
BP0002-R-2CTW-W-14k-f,F62FC01A5,https://cdn.shopify.com/s/files/1/0937/6904/0186/files/BP0002-R-2ctw-W-B.jpg?v=1749228578,https://cdn.shopify.com/s/files/1/0937/6904/0186/files/BP0002-R-2ctw-W-C.jpg?v=1749228578,BP0002-R-2CTW-W-14k-f-F62FC01A5
BP0002-R-3CTW-W-14k-f,E589A5198,https://cdn.shopify.com/s/files/1/0937/6904/0186/files/BP0002-R-3ctw-W-B.jpg?v=1749228643,https://cdn.shopify.com/s/files/1/0937/6904/0186/files/BP0002-R-3ctw-W-C.jpg?v=1749228643,BP0002-R-3CTW-W-14k-f-E589A5198
BP0002-P-1CTW-W-14k-f,54BBF7277,https://cdn.shopify.com/s/files/1/0937/6904/0186/files/BP0002-P-1ctw-W-B.jpg?v=1749229232,https://cdn.shopify.com/s/files/1/0937/6904/0186/files/BP0002-P-1ctw-W-C.jpg?v=1749229232,BP0002-P-1CTW-W-14k-f-54BBF7277
BP0002-P-2CTW-W-14k-f,2378C79F8,https://cdn.shopify.com/s/files/1/0937/6904/0186/files/BP0002-P-2ctw-W-B.jpg?v=1749229282,https://cdn.shopify.com/s/files/1/0937/6904/0186/files/BP0002-P-2ctw-W-C.jpg?v=1749229282,BP0002-P-2CTW-W-14k-f-2378C79F8
BP0002-P-3CTW-W-14k-f,E9E660E8E,https://cdn.shopify.com/s/files/1/0937/6904/0186/files/BP0002-P-3ctw-W-B.jpg?v=1749229336,https://cdn.shopify.com/s/files/1/0937/6904/0186/files/BP0002-P-3ctw-W-C.jpg?v=1749229336,BP0002-P-3CTW-W-14k-f-E9E660E8E
BP0002-E-1CTW-W-14k-f,6E25CEE6A,https://cdn.shopify.com/s/files/1/0937/6904/0186/files/BP0002-E-1ctw-W-B.jpg?v=1749230058,https://cdn.shopify.com/s/files/1/0937/6904/0186/files/BP0002-E-1ctw-W-C.jpg?v=1749230058,BP0002-E-1CTW-W-14k-f-6E25CEE6A
BP0002-E-2CTW-W-14k-f,3E41E49E3,https://cdn.shopify.com/s/files/1/0937/6904/0186/files/BP0002-E-2ctw-W-B.jpg?v=1749230135,https://cdn.shopify.com/s/files/1/0937/6904/0186/files/BP0002-E-2ctw-W-C.jpg?v=1749230135,BP0002-E-2CTW-W-14k-f-3E41E49E3
BP0002-E-3CTW-W-14k-f,40E6A6769,https://cdn.shopify.com/s/files/1/0937/6904/0186/files/BP0002-E-3ctw-W-B.jpg?v=1749230194,https://cdn.shopify.com/s/files/1/0937/6904/0186/files/BP0002-E-3ctw-W-C.jpg?v=1749230194,BP0002-E-3CTW-W-14k-f-40E6A6769
BP0002-O-1CTW-Y-14k-f,E7D71389A,https://cdn.shopify.com/s/files/1/0937/6904/0186/files/BP0002-O-1ctw-Y-B.jpg?v=1749229563,https://cdn.shopify.com/s/files/1/0937/6904/0186/files/BP0002-O-1ctw-Y-C.jpg?v=1749229563,BP0002-O-1CTW-Y-14k-f-E7D71389A
BP0002-O-2CTW-Y-14k-f,81B19F375,https://cdn.shopify.com/s/files/1/0937/6904/0186/files/BP0002-O-2ctw-Y-B.jpg?v=1749229805,https://cdn.shopify.com/s/files/1/0937/6904/0186/files/BP0002-O-2ctw-Y-C.jpg?v=1749229805,BP0002-O-2CTW-Y-14k-f-81B19F375
BP0002-O-3CTW-Y-14k-f,9E4F4E3EF,https://cdn.shopify.com/s/files/1/0937/6904/0186/files/BP0002-O-3ctw-Y-B.jpg?v=1749229872,https://cdn.shopify.com/s/files/1/0937/6904/0186/files/BP0002-O-3ctw-Y-C.jpg?v=1749229872,BP0002-O-3CTW-Y-14k-f-9E4F4E3EF
BP0002-R-1CTW-Y-14k-f,89CDD50A5,https://cdn.shopify.com/s/files/1/0937/6904/0186/files/BP0002-R-1ctw-Y-B.jpg?v=1749228720,https://cdn.shopify.com/s/files/1/0937/6904/0186/files/BP0002-R-1ctw-Y-C.jpg?v=1749228720,BP0002-R-1CTW-Y-14k-f-89CDD50A5
BP0002-R-2CTW-Y-14k-f,F62FC01A5,https://cdn.shopify.com/s/files/1/0937/6904/0186/files/BP0002-R-2ctw-Y-B.jpg?v=1749228781,https://cdn.shopify.com/s/files/1/0937/6904/0186/files/BP0002-R-2ctw-Y-C.jpg?v=1749228780,BP0002-R-2CTW-Y-14k-f-F62FC01A5
BP0002-R-3CTW-Y-14k-f,E589A5198,https://cdn.shopify.com/s/files/1/0937/6904/0186/files/BP0002-R-3ctw-Y-B.jpg?v=1749228850,https://cdn.shopify.com/s/files/1/0937/6904/0186/files/BP0002-R-3ctw-Y-C.jpg?v=1749228851,BP0002-R-3CTW-Y-14k-f-E589A5198
BP0002-P-1CTW-Y-14k-f,54BBF7277,https://cdn.shopify.com/s/files/1/0937/6904/0186/files/BP0002-P-1ctw-Y-B.jpg?v=1749229413,https://cdn.shopify.com/s/files/1/0937/6904/0186/files/BP0002-P-1ctw-Y-C.jpg?v=1749229413,BP0002-P-1CTW-Y-14k-f-54BBF7277
BP0002-P-2CTW-Y-14k-f,2378C79F8,https://cdn.shopify.com/s/files/1/0937/6904/0186/files/BP0002-P-2ctw-Y-B.jpg?v=1749229471,https://cdn.shopify.com/s/files/1/0937/6904/0186/files/BP0002-P-2ctw-Y-C.jpg?v=1749229471,BP0002-P-2CTW-Y-14k-f-2378C79F8
BP0002-P-3CTW-Y-14k-f,E9E660E8E,https://cdn.shopify.com/s/files/1/0937/6904/0186/files/BP0002-P-3ctw-Y-B.jpg?v=1749229526,https://cdn.shopify.com/s/files/1/0937/6904/0186/files/BP0002-P-3ctw-Y-C.jpg?v=1749229526,BP0002-P-3CTW-Y-14k-f-E9E660E8E
BP0002-E-1CTW-Y-14k-f,6E25CEE6A,https://cdn.shopify.com/s/files/1/0937/6904/0186/files/BP0002-E-1ctw-Y-B.jpg?v=1749230267,https://cdn.shopify.com/s/files/1/0937/6904/0186/files/BP0002-E-1ctw-Y-C.jpg?v=1749230266,BP0002-E-1CTW-Y-14k-f-6E25CEE6A
BP0002-E-2CTW-Y-14k-f,3E41E49E3,https://cdn.shopify.com/s/files/1/0937/6904/0186/files/BP0002-E-2ctw-Y-B.jpg?v=1749230318,https://cdn.shopify.com/s/files/1/0937/6904/0186/files/BP0002-E-2ctw-Y-C.jpg?v=1749230318,BP0002-E-2CTW-Y-14k-f-3E41E49E3
BP0002-E-3CTW-Y-14k-f,40E6A6769,https://cdn.shopify.com/s/files/1/0937/6904/0186/files/BP0002-E-3ctw-Y-B.jpg?v=1749230392,https://cdn.shopify.com/s/files/1/0937/6904/0186/files/BP0002-E-3ctw-Y-C.jpg?v=1749230391,BP0002-E-3CTW-Y-14k-f-40E6A6769
BP0002-O-1CTW-R-14k-f,E7D71389A,https://cdn.shopify.com/s/files/1/0937/6904/0186/files/BP0002-O-1ctw-R-B.jpg?v=1749230008,https://cdn.shopify.com/s/files/1/0937/6904/0186/files/BP0002-O-1ctw-R-C.jpg?v=1749230008,BP0002-O-1CTW-R-14k-f-E7D71389A
BP0002-O-2CTW-R-14k-f,81B19F375,https://cdn.shopify.com/s/files/1/0937/6904/0186/files/BP0002-O-2ctw-R-B.jpg?v=1749230064,https://cdn.shopify.com/s/files/1/0937/6904/0186/files/BP0002-O-2ctw-R-C.jpg?v=1749230064,BP0002-O-2CTW-R-14k-f-81B19F375
BP0002-O-3CTW-R-14k-f,9E4F4E3EF,https://cdn.shopify.com/s/files/1/0937/6904/0186/files/BP0002-O-3ctw-R-B.jpg?v=1749230119,https://cdn.shopify.com/s/files/1/0937/6904/0186/files/BP0002-O-3ctw-R-C.jpg?v=1749230119,BP0002-O-3CTW-R-14k-f-9E4F4E3EF
BP0002-R-1CTW-R-14k-f,89CDD50A5,https://cdn.shopify.com/s/files/1/0937/6904/0186/files/BP0002-R-1ctw-R-B.jpg?v=1749228959,https://cdn.shopify.com/s/files/1/0937/6904/0186/files/BP0002-R-1ctw-R-C.jpg?v=1749228959,BP0002-R-1CTW-R-14k-f-89CDD50A5
BP0002-R-2CTW-R-14k-f,F62FC01A5,https://cdn.shopify.com/s/files/1/0937/6904/0186/files/BP0002-R-2ctw-R-B.jpg?v=1749229012,https://cdn.shopify.com/s/files/1/0937/6904/0186/files/BP0002-R-2ctw-R-C.jpg?v=1749229012,BP0002-R-2CTW-R-14k-f-F62FC01A5
BP0002-R-3CTW-R-14k-f,E589A5198,https://cdn.shopify.com/s/files/1/0937/6904/0186/files/BP0002-R-3ctw-R-B.jpg?v=1749229115,https://cdn.shopify.com/s/files/1/0937/6904/0186/files/BP0002-R-3ctw-R-C.jpg?v=1749229115,BP0002-R-3CTW-R-14k-f-E589A5198
BP0002-P-1CTW-R-14k-f,54BBF7277,https://cdn.shopify.com/s/files/1/0937/6904/0186/files/BP0002-P-1ctw-R-B.jpg?v=1749229593,https://cdn.shopify.com/s/files/1/0937/6904/0186/files/BP0002-P-1ctw-R-C.jpg?v=1749229593,BP0002-P-1CTW-R-14k-f-54BBF7277
BP0002-P-2CTW-R-14k-f,2378C79F8,https://cdn.shopify.com/s/files/1/0937/6904/0186/files/BP0002-P-2ctw-R-B.jpg?v=1749229645,https://cdn.shopify.com/s/files/1/0937/6904/0186/files/BP0002-P-2ctw-R-C.jpg?v=1749229645,BP0002-P-2CTW-R-14k-f-2378C79F8
BP0002-P-3CTW-R-14k-f,E9E660E8E,https://cdn.shopify.com/s/files/1/0937/6904/0186/files/BP0002-P-3ctw-R-B.jpg?v=1749229699,https://cdn.shopify.com/s/files/1/0937/6904/0186/files/BP0002-P-3ctw-R-C.jpg?v=1749229699,BP0002-P-3CTW-R-14k-f-E9E660E8E
BP0002-E-1CTW-R-14k-f,6E25CEE6A,https://cdn.shopify.com/s/files/1/0937/6904/0186/files/BP0002-E-1ctw-R-B.jpg?v=1749230483,https://cdn.shopify.com/s/files/1/0937/6904/0186/files/BP0002-E-1ctw-R-C.jpg?v=1749230483,BP0002-E-1CTW-R-14k-f-6E25CEE6A
BP0002-E-2CTW-R-14k-f,3E41E49E3,https://cdn.shopify.com/s/files/1/0937/6904/0186/files/BP0002-E-2ctw-R-B.jpg?v=1749230553,https://cdn.shopify.com/s/files/1/0937/6904/0186/files/BP0002-E-2ctw-R-C.jpg?v=1749230553,BP0002-E-2CTW-R-14k-f-3E41E49E3
BP0002-E-3CTW-R-14k-f,40E6A6769,https://cdn.shopify.com/s/files/1/0937/6904/0186/files/BP0002-E-3ctw-R-B.jpg?v=1749230603,https://cdn.shopify.com/s/files/1/0937/6904/0186/files/BP0002-E-3ctw-R-C.jpg?v=1749230603,BP0002-E-3CTW-R-14k-f-40E6A6769
BP0002-O-1CTW-W-18k-f,E7D71389A,https://cdn.shopify.com/s/files/1/0937/6904/0186/files/BP0002-O-1ctw-W-B.jpg?v=1749229118,https://cdn.shopify.com/s/files/1/0937/6904/0186/files/BP0002-O-1ctw-W-C.jpg?v=1749229117,BP0002-O-1CTW-W-18k-f-E7D71389A
BP0002-O-2CTW-W-18k-f,81B19F375,https://cdn.shopify.com/s/files/1/0937/6904/0186/files/BP0002-O-2ctw-W-B.jpg?v=1749229347,https://cdn.shopify.com/s/files/1/0937/6904/0186/files/BP0002-O-2ctw-W-C.jpg?v=1749229347,BP0002-O-2CTW-W-18k-f-81B19F375
BP0002-O-3CTW-W-18k-f,9E4F4E3EF,https://cdn.shopify.com/s/files/1/0937/6904/0186/files/BP0002-O-3ctw-W-B.jpg?v=1749229415,https://cdn.shopify.com/s/files/1/0937/6904/0186/files/BP0002-O-3ctw-W-C.jpg?v=1749229415,BP0002-O-3CTW-W-18k-f-9E4F4E3EF
BP0002-R-1CTW-W-18k-f,89CDD50A5,https://cdn.shopify.com/s/files/1/0937/6904/0186/files/BP0002-R-1ctw-W-B.jpg?v=1749228514,https://cdn.shopify.com/s/files/1/0937/6904/0186/files/BP0002-R-1ctw-W-C.jpg?v=1749228514,BP0002-R-1CTW-W-18k-f-89CDD50A5
BP0002-R-2CTW-W-18k-f,F62FC01A5,https://cdn.shopify.com/s/files/1/0937/6904/0186/files/BP0002-R-2ctw-W-B.jpg?v=1749228578,https://cdn.shopify.com/s/files/1/0937/6904/0186/files/BP0002-R-2ctw-W-C.jpg?v=1749228578,BP0002-R-2CTW-W-18k-f-F62FC01A5
BP0002-R-3CTW-W-18k-f,E589A5198,https://cdn.shopify.com/s/files/1/0937/6904/0186/files/BP0002-R-3ctw-W-B.jpg?v=1749228643,https://cdn.shopify.com/s/files/1/0937/6904/0186/files/BP0002-R-3ctw-W-C.jpg?v=1749228643,BP0002-R-3CTW-W-18k-f-E589A5198
BP0002-P-1CTW-W-18k-f,54BBF7277,https://cdn.shopify.com/s/files/1/0937/6904/0186/files/BP0002-P-1ctw-W-B.jpg?v=1749229232,https://cdn.shopify.com/s/files/1/0937/6904/0186/files/BP0002-P-1ctw-W-C.jpg?v=1749229232,BP0002-P-1CTW-W-18k-f-54BBF7277
BP0002-P-2CTW-W-18k-f,2378C79F8,https://cdn.shopify.com/s/files/1/0937/6904/0186/files/BP0002-P-2ctw-W-B.jpg?v=1749229282,https://cdn.shopify.com/s/files/1/0937/6904/0186/files/BP0002-P-2ctw-W-C.jpg?v=1749229282,BP0002-P-2CTW-W-18k-f-2378C79F8
BP0002-P-3CTW-W-18k-f,E9E660E8E,https://cdn.shopify.com/s/files/1/0937/6904/0186/files/BP0002-P-3ctw-W-B.jpg?v=1749229336,https://cdn.shopify.com/s/files/1/0937/6904/0186/files/BP0002-P-3ctw-W-C.jpg?v=1749229336,BP0002-P-3CTW-W-18k-f-E9E660E8E
BP0002-E-1CTW-W-18k-f,6E25CEE6A,https://cdn.shopify.com/s/files/1/0937/6904/0186/files/BP0002-E-1ctw-W-B.jpg?v=1749230058,https://cdn.shopify.com/s/files/1/0937/6904/0186/files/BP0002-E-1ctw-W-C.jpg?v=1749230058,BP0002-E-1CTW-W-18k-f-6E25CEE6A
BP0002-E-2CTW-W-18k-f,3E41E49E3,https://cdn.shopify.com/s/files/1/0937/6904/0186/files/BP0002-E-2ctw-W-B.jpg?v=1749230135,https://cdn.shopify.com/s/files/1/0937/6904/0186/files/BP0002-E-2ctw-W-C.jpg?v=1749230135,BP0002-E-2CTW-W-18k-f-3E41E49E3
BP0002-E-3CTW-W-18k-f,40E6A6769,https://cdn.shopify.com/s/files/1/0937/6904/0186/files/BP0002-E-3ctw-W-B.jpg?v=1749230194,https://cdn.shopify.com/s/files/1/0937/6904/0186/files/BP0002-E-3ctw-W-C.jpg?v=1749230194,BP0002-E-3CTW-W-18k-f-40E6A6769
BP0002-O-1CTW-Y-18k-f,E7D71389A,https://cdn.shopify.com/s/files/1/0937/6904/0186/files/BP0002-O-1ctw-Y-B.jpg?v=1749229563,https://cdn.shopify.com/s/files/1/0937/6904/0186/files/BP0002-O-1ctw-Y-C.jpg?v=1749229563,BP0002-O-1CTW-Y-18k-f-E7D71389A
BP0002-O-2CTW-Y-18k-f,81B19F375,https://cdn.shopify.com/s/files/1/0937/6904/0186/files/BP0002-O-2ctw-Y-B.jpg?v=1749229805,https://cdn.shopify.com/s/files/1/0937/6904/0186/files/BP0002-O-2ctw-Y-C.jpg?v=1749229805,BP0002-O-2CTW-Y-18k-f-81B19F375
BP0002-O-3CTW-Y-18k-f,9E4F4E3EF,https://cdn.shopify.com/s/files/1/0937/6904/0186/files/BP0002-O-3ctw-Y-B.jpg?v=1749229872,https://cdn.shopify.com/s/files/1/0937/6904/0186/files/BP0002-O-3ctw-Y-C.jpg?v=1749229872,BP0002-O-3CTW-Y-18k-f-9E4F4E3EF
BP0002-R-1CTW-Y-18k-f,89CDD50A5,https://cdn.shopify.com/s/files/1/0937/6904/0186/files/BP0002-R-1ctw-Y-B.jpg?v=1749228720,https://cdn.shopify.com/s/files/1/0937/6904/0186/files/BP0002-R-1ctw-Y-C.jpg?v=1749228720,BP0002-R-1CTW-Y-18k-f-89CDD50A5
BP0002-R-2CTW-Y-18k-f,F62FC01A5,https://cdn.shopify.com/s/files/1/0937/6904/0186/files/BP0002-R-2ctw-Y-B.jpg?v=1749228781,https://cdn.shopify.com/s/files/1/0937/6904/0186/files/BP0002-R-2ctw-Y-C.jpg?v=1749228780,BP0002-R-2CTW-Y-18k-f-F62FC01A5
BP0002-R-3CTW-Y-18k-f,E589A5198,https://cdn.shopify.com/s/files/1/0937/6904/0186/files/BP0002-R-3ctw-Y-B.jpg?v=1749228850,https://cdn.shopify.com/s/files/1/0937/6904/0186/files/BP0002-R-3ctw-Y-C.jpg?v=1749228851,BP0002-R-3CTW-Y-18k-f-E589A5198
BP0002-P-1CTW-Y-18k-f,54BBF7277,https://cdn.shopify.com/s/files/1/0937/6904/0186/files/BP0002-P-1ctw-Y-B.jpg?v=1749229413,https://cdn.shopify.com/s/files/1/0937/6904/0186/files/BP0002-P-1ctw-Y-C.jpg?v=1749229413,BP0002-P-1CTW-Y-18k-f-54BBF7277
BP0002-P-2CTW-Y-18k-f,2378C79F8,https://cdn.shopify.com/s/files/1/0937/6904/0186/files/BP0002-P-2ctw-Y-B.jpg?v=1749229471,https://cdn.shopify.com/s/files/1/0937/6904/0186/files/BP0002-P-2ctw-Y-C.jpg?v=1749229471,BP0002-P-2CTW-Y-18k-f-2378C79F8
BP0002-P-3CTW-Y-18k-f,E9E660E8E,https://cdn.shopify.com/s/files/1/0937/6904/0186/files/BP0002-P-3ctw-Y-B.jpg?v=1749229526,https://cdn.shopify.com/s/files/1/0937/6904/0186/files/BP0002-P-3ctw-Y-C.jpg?v=1749229526,BP0002-P-3CTW-Y-18k-f-E9E660E8E
BP0002-E-1CTW-Y-18k-f,6E25CEE6A,https://cdn.shopify.com/s/files/1/0937/6904/0186/files/BP0002-E-1ctw-Y-B.jpg?v=1749230267,https://cdn.shopify.com/s/files/1/0937/6904/0186/files/BP0002-E-1ctw-Y-C.jpg?v=1749230266,BP0002-E-1CTW-Y-18k-f-6E25CEE6A
BP0002-E-2CTW-Y-18k-f,3E41E49E3,https://cdn.shopify.com/s/files/1/0937/6904/0186/files/BP0002-E-2ctw-Y-B.jpg?v=1749230318,https://cdn.shopify.com/s/files/1/0937/6904/0186/files/BP0002-E-2ctw-Y-C.jpg?v=1749230318,BP0002-E-2CTW-Y-18k-f-3E41E49E3
BP0002-E-3CTW-Y-18k-f,40E6A6769,https://cdn.shopify.com/s/files/1/0937/6904/0186/files/BP0002-E-3ctw-Y-B.jpg?v=1749230392,https://cdn.shopify.com/s/files/1/0937/6904/0186/files/BP0002-E-3ctw-Y-C.jpg?v=1749230391,BP0002-E-3CTW-Y-18k-f-40E6A6769
BP0002-O-1CTW-R-18k-f,E7D71389A,https://cdn.shopify.com/s/files/1/0937/6904/0186/files/BP0002-O-1ctw-R-B.jpg?v=1749230008,https://cdn.shopify.com/s/files/1/0937/6904/0186/files/BP0002-O-1ctw-R-C.jpg?v=1749230008,BP0002-O-1CTW-R-18k-f-E7D71389A
BP0002-O-2CTW-R-18k-f,81B19F375,https://cdn.shopify.com/s/files/1/0937/6904/0186/files/BP0002-O-2ctw-R-B.jpg?v=1749230064,https://cdn.shopify.com/s/files/1/0937/6904/0186/files/BP0002-O-2ctw-R-C.jpg?v=1749230064,BP0002-O-2CTW-R-18k-f-81B19F375
BP0002-O-3CTW-R-18k-f,9E4F4E3EF,https://cdn.shopify.com/s/files/1/0937/6904/0186/files/BP0002-O-3ctw-R-B.jpg?v=1749230119,https://cdn.shopify.com/s/files/1/0937/6904/0186/files/BP0002-O-3ctw-R-C.jpg?v=1749230119,BP0002-O-3CTW-R-18k-f-9E4F4E3EF
BP0002-R-1CTW-R-18k-f,89CDD50A5,https://cdn.shopify.com/s/files/1/0937/6904/0186/files/BP0002-R-1ctw-R-B.jpg?v=1749228959,https://cdn.shopify.com/s/files/1/0937/6904/0186/files/BP0002-R-1ctw-R-C.jpg?v=1749228959,BP0002-R-1CTW-R-18k-f-89CDD50A5
BP0002-R-2CTW-R-18k-f,F62FC01A5,https://cdn.shopify.com/s/files/1/0937/6904/0186/files/BP0002-R-2ctw-R-B.jpg?v=1749229012,https://cdn.shopify.com/s/files/1/0937/6904/0186/files/BP0002-R-2ctw-R-C.jpg?v=1749229012,BP0002-R-2CTW-R-18k-f-F62FC01A5
BP0002-R-3CTW-R-18k-f,E589A5198,https://cdn.shopify.com/s/files/1/0937/6904/0186/files/BP0002-R-3ctw-R-B.jpg?v=1749229115,https://cdn.shopify.com/s/files/1/0937/6904/0186/files/BP0002-R-3ctw-R-C.jpg?v=1749229115,BP0002-R-3CTW-R-18k-f-E589A5198
BP0002-P-1CTW-R-18k-f,54BBF7277,https://cdn.shopify.com/s/files/1/0937/6904/0186/files/BP0002-P-1ctw-R-B.jpg?v=1749229593,https://cdn.shopify.com/s/files/1/0937/6904/0186/files/BP0002-P-1ctw-R-C.jpg?v=1749229593,BP0002-P-1CTW-R-18k-f-54BBF7277
BP0002-P-2CTW-R-18k-f,2378C79F8,https://cdn.shopify.com/s/files/1/0937/6904/0186/files/BP0002-P-2ctw-R-B.jpg?v=1749229645,https://cdn.shopify.com/s/files/1/0937/6904/0186/files/BP0002-P-2ctw-R-C.jpg?v=1749229645,BP0002-P-2CTW-R-18k-f-2378C79F8
BP0002-P-3CTW-R-18k-f,E9E660E8E,https://cdn.shopify.com/s/files/1/0937/6904/0186/files/BP0002-P-3ctw-R-B.jpg?v=1749229699,https://cdn.shopify.com/s/files/1/0937/6904/0186/files/BP0002-P-3ctw-R-C.jpg?v=1749229699,BP0002-P-3CTW-R-18k-f-E9E660E8E
BP0002-E-1CTW-R-18k-f,6E25CEE6A,https://cdn.shopify.com/s/files/1/0937/6904/0186/files/BP0002-E-1ctw-R-B.jpg?v=1749230483,https://cdn.shopify.com/s/files/1/0937/6904/0186/files/BP0002-E-1ctw-R-C.jpg?v=1749230483,BP0002-E-1CTW-R-18k-f-6E25CEE6A
BP0002-E-2CTW-R-18k-f,3E41E49E3,https://cdn.shopify.com/s/files/1/0937/6904/0186/files/BP0002-E-2ctw-R-B.jpg?v=1749230553,https://cdn.shopify.com/s/files/1/0937/6904/0186/files/BP0002-E-2ctw-R-C.jpg?v=1749230553,BP0002-E-2CTW-R-18k-f-3E41E49E3
BP0002-E-3CTW-R-18k-f,40E6A6769,https://cdn.shopify.com/s/files/1/0937/6904/0186/files/BP0002-E-3ctw-R-B.jpg?v=1749230603,https://cdn.shopify.com/s/files/1/0937/6904/0186/files/BP0002-E-3ctw-R-C.jpg?v=1749230603,BP0002-E-3CTW-R-18k-f-40E6A6769
BP0002-O-1CTW-P-f,E7D71389A,https://cdn.shopify.com/s/files/1/0937/6904/0186/files/BP0002-O-1ctw-W-B.jpg?v=1749229118,https://cdn.shopify.com/s/files/1/0937/6904/0186/files/BP0002-O-1ctw-W-C.jpg?v=1749229117,BP0002-O-1CTW-P-f-E7D71389A
BP0002-O-2CTW-P-f,81B19F375,https://cdn.shopify.com/s/files/1/0937/6904/0186/files/BP0002-O-2ctw-W-B.jpg?v=1749229347,https://cdn.shopify.com/s/files/1/0937/6904/0186/files/BP0002-O-2ctw-W-C.jpg?v=1749229347,BP0002-O-2CTW-P-f-81B19F375
BP0002-O-3CTW-P-f,9E4F4E3EF,https://cdn.shopify.com/s/files/1/0937/6904/0186/files/BP0002-O-3ctw-W-B.jpg?v=1749229415,https://cdn.shopify.com/s/files/1/0937/6904/0186/files/BP0002-O-3ctw-W-C.jpg?v=1749229415,BP0002-O-3CTW-P-f-9E4F4E3EF
BP0002-R-1CTW-P-f,89CDD50A5,https://cdn.shopify.com/s/files/1/0937/6904/0186/files/BP0002-R-1ctw-W-B.jpg?v=1749228514,https://cdn.shopify.com/s/files/1/0937/6904/0186/files/BP0002-R-1ctw-W-C.jpg?v=1749228514,BP0002-R-1CTW-P-f-89CDD50A5
BP0002-R-2CTW-P-f,F62FC01A5,https://cdn.shopify.com/s/files/1/0937/6904/0186/files/BP0002-R-2ctw-W-B.jpg?v=1749228578,https://cdn.shopify.com/s/files/1/0937/6904/0186/files/BP0002-R-2ctw-W-C.jpg?v=1749228578,BP0002-R-2CTW-P-f-F62FC01A5
BP0002-R-3CTW-P-f,E589A5198,https://cdn.shopify.com/s/files/1/0937/6904/0186/files/BP0002-R-3ctw-W-B.jpg?v=1749228643,https://cdn.shopify.com/s/files/1/0937/6904/0186/files/BP0002-R-3ctw-W-C.jpg?v=1749228643,BP0002-R-3CTW-P-f-E589A5198
BP0002-P-1CTW-P-f,54BBF7277,https://cdn.shopify.com/s/files/1/0937/6904/0186/files/BP0002-P-1ctw-W-B.jpg?v=1749229232,https://cdn.shopify.com/s/files/1/0937/6904/0186/files/BP0002-P-1ctw-W-C.jpg?v=1749229232,BP0002-P-1CTW-P-f-54BBF7277
BP0002-P-2CTW-P-f,2378C79F8,https://cdn.shopify.com/s/files/1/0937/6904/0186/files/BP0002-P-2ctw-W-B.jpg?v=1749229282,https://cdn.shopify.com/s/files/1/0937/6904/0186/files/BP0002-P-2ctw-W-C.jpg?v=1749229282,BP0002-P-2CTW-P-f-2378C79F8
BP0002-P-3CTW-P-f,E9E660E8E,https://cdn.shopify.com/s/files/1/0937/6904/0186/files/BP0002-P-3ctw-W-B.jpg?v=1749229336,https://cdn.shopify.com/s/files/1/0937/6904/0186/files/BP0002-P-3ctw-W-C.jpg?v=1749229336,BP0002-P-3CTW-P-f-E9E660E8E
BP0002-E-1CTW-P-f,6E25CEE6A,https://cdn.shopify.com/s/files/1/0937/6904/0186/files/BP0002-E-1ctw-W-B.jpg?v=1749230058,https://cdn.shopify.com/s/files/1/0937/6904/0186/files/BP0002-E-1ctw-W-C.jpg?v=1749230058,BP0002-E-1CTW-P-f-6E25CEE6A
BP0002-E-2CTW-P-f,3E41E49E3,https://cdn.shopify.com/s/files/1/0937/6904/0186/files/BP0002-E-2ctw-W-B.jpg?v=1749230135,https://cdn.shopify.com/s/files/1/0937/6904/0186/files/BP0002-E-2ctw-W-C.jpg?v=1749230135,BP0002-E-2CTW-P-f-3E41E49E3
BP0002-E-3CTW-P-f,40E6A6769,https://cdn.shopify.com/s/files/1/0937/6904/0186/files/BP0002-E-3ctw-W-B.jpg?v=1749230194,https://cdn.shopify.com/s/files/1/0937/6904/0186/files/BP0002-E-3ctw-W-C.jpg?v=1749230194,BP0002-E-3CTW-P-f-40E6A6769
BP0003-R-1CTW-W-14k-f,89CDD50A5,https://cdn.shopify.com/s/files/1/0937/6904/0186/files/BP0003-R-1ctw-W-B.jpg?v=1749230607,https://cdn.shopify.com/s/files/1/0937/6904/0186/files/BP0003-R-1ctw-W-A.jpg?v=1749230606,BP0003-R-1CTW-W-14k-f-89CDD50A5
BP0003-R-1CTW-Y-14k-f,89CDD50A5,https://cdn.shopify.com/s/files/1/0937/6904/0186/files/BP0003-R-1ctw-Y-B.jpg?v=1749230752,https://cdn.shopify.com/s/files/1/0937/6904/0186/files/BP0003-R-1ctw-Y-C.jpg?v=1749230752,BP0003-R-1CTW-Y-14k-f-89CDD50A5
BP0003-R-1CTW-R-14k-f,89CDD50A5,https://cdn.shopify.com/s/files/1/0937/6904/0186/files/BP0003-R-1ctw-R-B.jpg?v=1749230479,https://cdn.shopify.com/s/files/1/0937/6904/0186/files/BP0003-R-1ctw-R-C.jpg?v=1749230479,BP0003-R-1CTW-R-14k-f-89CDD50A5
BP0003-R-1CTW-W-18k-f,89CDD50A5,https://cdn.shopify.com/s/files/1/0937/6904/0186/files/BP0003-R-1ctw-W-B.jpg?v=1749230607,https://cdn.shopify.com/s/files/1/0937/6904/0186/files/BP0003-R-1ctw-W-C.jpg?v=1749230606,BP0003-R-1CTW-W-18k-f-89CDD50A5
BP0003-R-1CTW-Y-18k-f,89CDD50A5,https://cdn.shopify.com/s/files/1/0937/6904/0186/files/BP0003-R-1ctw-Y-B.jpg?v=1749230752,https://cdn.shopify.com/s/files/1/0937/6904/0186/files/BP0003-R-1ctw-Y-C.jpg?v=1749230752,BP0003-R-1CTW-Y-18k-f-89CDD50A5
BP0003-R-1CTW-R-18k-f,89CDD50A5,https://cdn.shopify.com/s/files/1/0937/6904/0186/files/BP0003-R-1ctw-R-B.jpg?v=1749230479,https://cdn.shopify.com/s/files/1/0937/6904/0186/files/BP0003-R-1ctw-R-C.jpg?v=1749230479,BP0003-R-1CTW-R-18k-f-89CDD50A5
BP0003-R-1CTW-P-f,89CDD50A5,https://cdn.shopify.com/s/files/1/0937/6904/0186/files/BP0003-R-1ctw-W-B.jpg?v=1749230607,https://cdn.shopify.com/s/files/1/0937/6904/0186/files/BP0003-R-1ctw-W-C.jpg?v=1749230606,BP0003-R-1CTW-P-f-89CDD50A5
BP0004-R-1CTW-W-14k-f,89CDD50A5,https://cdn.shopify.com/s/files/1/0937/6904/0186/files/BP0004-R-1ctw-W-B.jpg?v=1749231368,,
BP0004-R-1CTW-Y-14k-f,89CDD50A5,https://cdn.shopify.com/s/files/1/0937/6904/0186/files/BP0004-R-1ctw-Y-B.jpg?v=1749231421,,
BP0004-R-1CTW-R-14k-f,89CDD50A5,https://cdn.shopify.com/s/files/1/0937/6904/0186/files/BP0004-R-1ctw-R-B.jpg?v=1749231485,,
BP0004-R-1CTW-W-18k-f,89CDD50A5,https://cdn.shopify.com/s/files/1/0937/6904/0186/files/BP0004-R-1ctw-W-B.jpg?v=1749231368,,
BP0004-R-1CTW-Y-18k-f,89CDD50A5,https://cdn.shopify.com/s/files/1/0937/6904/0186/files/BP0004-R-1ctw-Y-B.jpg?v=1749231421,,
BP0004-R-1CTW-R-18k-f,89CDD50A5,https://cdn.shopify.com/s/files/1/0937/6904/0186/files/BP0004-R-1ctw-R-B.jpg?v=1749231485,,
BP0004-R-1CTW-P-f,89CDD50A5,https://cdn.shopify.com/s/files/1/0937/6904/0186/files/BP0004-R-1ctw-W-B.jpg?v=1749231368,,
