Variant SKU,Ring Visualizer URL
BR0001-R-6.5-W-14k-f-C637747BF/RN,https://res.cloudinary.com/dqscf8bog/image/upload/v1753872011/c016m98pn6xfmrupfegt.png
BR0001-R-8-W-14k-f-CEFA284D0,https://res.cloudinary.com/dqscf8bog/image/upload/v1753872015/lvvghxodexzdyvk82fiw.png
BR0001-R-9.4-W-14k-f-0B24FE974,https://res.cloudinary.com/dqscf8bog/image/upload/v1753872040/z5ei4zwzhbzyfduafjwc.png
BR0001-R-6.5-W-18k-f-C637747BF/RN,https://res.cloudinary.com/dqscf8bog/image/upload/v1753872011/c016m98pn6xfmrupfegt.png
BR0001-R-8-W-18k-f-CEFA284D0,https://res.cloudinary.com/dqscf8bog/image/upload/v1753872015/lvvghxodexzdyvk82fiw.png
BR0001-R-9.4-W-18k-f-0B24FE974,https://res.cloudinary.com/dqscf8bog/image/upload/v1753872040/z5ei4zwzhbzyfduafjwc.png
BR0001-R-6.5-P-f-C637747BF/RN,https://res.cloudinary.com/dqscf8bog/image/upload/v1753872011/c016m98pn6xfmrupfegt.png
BR0001-R-8-P-f-CEFA284D0,https://res.cloudinary.com/dqscf8bog/image/upload/v1753872015/lvvghxodexzdyvk82fiw.png
BR0001-R-9.4-P-f-0B24FE974,https://res.cloudinary.com/dqscf8bog/image/upload/v1753872040/z5ei4zwzhbzyfduafjwc.png
BR0001-R-6.5-Y-14k-f-C637747BF/RN,https://res.cloudinary.com/dqscf8bog/image/upload/v1753872037/z8ybrmcimopxoq8htafk.png
BR0001-R-8-Y-14k-f-02989AC97,https://res.cloudinary.com/dqscf8bog/image/upload/v1753872082/vsvczudhxxx7ooiinipv.png
BR0001-R-9.4-Y-14k-f-0B24FE974,https://res.cloudinary.com/dqscf8bog/image/upload/v1753872030/sa97crxorrhdws2se2uw.png
BR0001-R-6.5-Y-18k-f-C637747BF/RN,https://res.cloudinary.com/dqscf8bog/image/upload/v1753872037/z8ybrmcimopxoq8htafk.png
BR0001-R-8-Y-18k-f-69BDE9977,https://res.cloudinary.com/dqscf8bog/image/upload/v1753872082/vsvczudhxxx7ooiinipv.png
BR0001-R-9.4-Y-18k-f-0B24FE974,https://res.cloudinary.com/dqscf8bog/image/upload/v1753872030/sa97crxorrhdws2se2uw.png
BR0001-R-6.5-R-14k-f-C637747BF/RN,https://res.cloudinary.com/dqscf8bog/image/upload/v1753872023/qakhjhvj4lhzptxk8ren.png
BR0001-R-8-R-14k-f-69BDE9977,https://res.cloudinary.com/dqscf8bog/image/upload/v1753872077/xg0r95yimkgtbu73js1b.png
BR0001-R-9.4-R-14k-f-0B24FE974,https://res.cloudinary.com/dqscf8bog/image/upload/v1753872019/zyq7fzskmlmbqo4zpchr.png
BR0001-R-6.5-R-18k-f-C637747BF/RN,https://res.cloudinary.com/dqscf8bog/image/upload/v1753872023/qakhjhvj4lhzptxk8ren.png
BR0001-R-8-R-18k-f-CEFA284D0,https://res.cloudinary.com/dqscf8bog/image/upload/v1753872077/xg0r95yimkgtbu73js1b.png
BR0001-R-9.4-R-18k-f-0B24FE974,https://res.cloudinary.com/dqscf8bog/image/upload/v1753872019/zyq7fzskmlmbqo4zpchr.png
BR0002-PS-8x6-W-14k-f-C5A81F763,https://res.cloudinary.com/dqscf8bog/image/upload/v1753871046/zyjfymm3rpw32x95ebww.png
BR0002-PS-10x7-W-14k-f-A8628071D,https://res.cloudinary.com/dqscf8bog/image/upload/v1753871108/kvbhiqnoa3hso0admcly.png
BR0002-R-6.5-W-14k-f-C637747BF/RN,https://res.cloudinary.com/dqscf8bog/image/upload/v1753871137/krxmmplrpr12wxt4zj1h.png
BR0002-R-8-W-14k-f-CEFA284D0,https://res.cloudinary.com/dqscf8bog/image/upload/v1753871121/luahvrkaszkiw2nzph7s.png
BR0002-R-9.4-W-14k-f-0B24FE974,https://res.cloudinary.com/dqscf8bog/image/upload/v1753871093/wgxhr5hw15z6nudfpdol.png
BR0002-R-10-W-14k-f-02989AC97,https://res.cloudinary.com/dqscf8bog/image/upload/v1753871069/ta8cftqeb2gi6wr1nun6.png
BR0002-R-11-W-14k-f-69BDE9977,https://res.cloudinary.com/dqscf8bog/image/upload/v1753871170/n2kqommlmgnaxftcwauc.png
BR0002-M-10x5-W-14k-f-AF97F8274,https://res.cloudinary.com/dqscf8bog/image/upload/v1753871055/faxcltdff7unfpyym2mk.png
BR0002-M-12x6-W-14k-f-A845D3662,https://res.cloudinary.com/dqscf8bog/image/upload/v1753871133/i18lqjtcascn2k58f7df.png
BR0002-PS-8x6-W-18k-f-C5A81F763,https://res.cloudinary.com/dqscf8bog/image/upload/v1753871046/zyjfymm3rpw32x95ebww.png
BR0002-PS-10x7-W-18k-f-A8628071D,https://res.cloudinary.com/dqscf8bog/image/upload/v1753871108/kvbhiqnoa3hso0admcly.png
BR0002-R-6.5-W-18k-f-C637747BF/RN,https://res.cloudinary.com/dqscf8bog/image/upload/v1753871137/krxmmplrpr12wxt4zj1h.png
BR0002-R-8-W-18k-f-CEFA284D0,https://res.cloudinary.com/dqscf8bog/image/upload/v1753871121/luahvrkaszkiw2nzph7s.png
BR0002-R-9.4-W-18k-f-0B24FE974,https://res.cloudinary.com/dqscf8bog/image/upload/v1753871093/wgxhr5hw15z6nudfpdol.png
BR0002-R-10-W-18k-f-02989AC97,https://res.cloudinary.com/dqscf8bog/image/upload/v1753871069/ta8cftqeb2gi6wr1nun6.png
BR0002-R-11-W-18k-f-69BDE9977,https://res.cloudinary.com/dqscf8bog/image/upload/v1753871170/n2kqommlmgnaxftcwauc.png
BR0002-M-12x6-W-18k-f-A845D3662,https://res.cloudinary.com/dqscf8bog/image/upload/v1753871133/i18lqjtcascn2k58f7df.png
BR0002-PS-8x6-P-f-C5A81F763,https://res.cloudinary.com/dqscf8bog/image/upload/v1753871046/zyjfymm3rpw32x95ebww.png
BR0002-PS-10x7-P-f-A8628071D,https://res.cloudinary.com/dqscf8bog/image/upload/v1753871108/kvbhiqnoa3hso0admcly.png
BR0002-R-6.5-P-f-C637747BF/RN,https://res.cloudinary.com/dqscf8bog/image/upload/v1753871137/krxmmplrpr12wxt4zj1h.png
BR0002-R-8-P-f-CEFA284D0,https://res.cloudinary.com/dqscf8bog/image/upload/v1753871121/luahvrkaszkiw2nzph7s.png
BR0002-R-9.4-P-f-0B24FE974,https://res.cloudinary.com/dqscf8bog/image/upload/v1753871093/wgxhr5hw15z6nudfpdol.png
BR0002-R-10-P-f-02989AC97,https://res.cloudinary.com/dqscf8bog/image/upload/v1753871069/ta8cftqeb2gi6wr1nun6.png
BR0002-R-11-P-f-69BDE9977,https://res.cloudinary.com/dqscf8bog/image/upload/v1753871170/n2kqommlmgnaxftcwauc.png
BR0002-M-10x5-P-f-AF97F8274,https://res.cloudinary.com/dqscf8bog/image/upload/v1753871055/faxcltdff7unfpyym2mk.png
BR0002-M-12x6-P-f-A845D3662,https://res.cloudinary.com/dqscf8bog/image/upload/v1753871133/i18lqjtcascn2k58f7df.png
BR0002-PS-10x7-Y-14k-f-A8628071D,https://res.cloudinary.com/dqscf8bog/image/upload/v1753871064/ldxmzu593aeop1ec8dnc.png
BR0002-R-6.5-Y-14k-f-C637747BF/RN,https://res.cloudinary.com/dqscf8bog/image/upload/v1753871128/mdr6k4ejcgli6rzhh5zz.png
BR0002-R-8-Y-14k-f-CEFA284D0,https://res.cloudinary.com/dqscf8bog/image/upload/v1753871091/cj2ojx2nab0ug7fpoe9s.png
BR0002-R-9.4-Y-14k-f-0B24FE974,https://res.cloudinary.com/dqscf8bog/image/upload/v1753871073/tactfttwnjl7xwqtd3p7.png
BR0002-R-10-Y-14k-f-02989AC97,https://res.cloudinary.com/dqscf8bog/image/upload/v1753871136/paitatop14cpnilbtzar.png
BR0002-R-11-Y-14k-f-69BDE9977,https://res.cloudinary.com/dqscf8bog/image/upload/v1753871111/zy74ylr7r2lf2azclnhd.png
BR0002-M-10x5-14k-f-AF97F8274,https://res.cloudinary.com/dqscf8bog/image/upload/v1753871054/usevrcpi6gjywohajxo2.png
BR0002-M-12x6-Y-14k-f-A845D3662,https://res.cloudinary.com/dqscf8bog/image/upload/v1753871088/j4hmyiulcdsbijqzjfwu.png
BR0002-PS-10x7-Y-18k-f-A8628071D,https://res.cloudinary.com/dqscf8bog/image/upload/v1753871064/ldxmzu593aeop1ec8dnc.png
BR0002-R-6.5-Y-18k-f-C637747BF/RN,https://res.cloudinary.com/dqscf8bog/image/upload/v1753871128/mdr6k4ejcgli6rzhh5zz.png
BR0002-R-8-Y-18k-f-CEFA284D0,https://res.cloudinary.com/dqscf8bog/image/upload/v1753871091/cj2ojx2nab0ug7fpoe9s.png
BR0002-R-9.4-Y-18k-f-0B24FE974,https://res.cloudinary.com/dqscf8bog/image/upload/v1753871073/tactfttwnjl7xwqtd3p7.png
BR0002-R-10-Y-18k-f-02989AC97,https://res.cloudinary.com/dqscf8bog/image/upload/v1753871136/paitatop14cpnilbtzar.png
BR0002-R-11-Y-18k-f-69BDE9977,https://res.cloudinary.com/dqscf8bog/image/upload/v1753871111/zy74ylr7r2lf2azclnhd.png
BR0002-M-10x5-18k-f-AF97F8274,https://res.cloudinary.com/dqscf8bog/image/upload/v1753871054/usevrcpi6gjywohajxo2.png
BR0002-M-12x6-Y-18k-f-A845D3662,https://res.cloudinary.com/dqscf8bog/image/upload/v1753871088/j4hmyiulcdsbijqzjfwu.png
BR0002-PS-8x6-R-14k-f-C5A81F763,https://res.cloudinary.com/dqscf8bog/image/upload/v1753871178/edjgawxoq1bkwckozfgd.png
BR0002-PS-10x7-R-14k-f-A8628071D,https://res.cloudinary.com/dqscf8bog/image/upload/v1753871026/kxvuvnwbrfuthx7lfv64.png
BR0002-R-6.5-R-14k-f-C637747BF/RN,https://res.cloudinary.com/dqscf8bog/image/upload/v1753871143/g1kfdwiktsbkycjzdoei.png
BR0002-R-8-R-14k-f-CEFA284D0,https://res.cloudinary.com/dqscf8bog/image/upload/v1753871162/gwideeeeodljiimg6tcu.png
BR0002-R-9.4-R-14k-f-0B24FE974,https://res.cloudinary.com/dqscf8bog/image/upload/v1753871154/ypmhygk8tbbyyys4tjvv.png
BR0002-R-10-R-14k-f-02989AC97,https://res.cloudinary.com/dqscf8bog/image/upload/v1753871154/ypmhygk8tbbyyys4tjvv.png
BR0002-R-11-R-14k-f-69BDE9977,
BR0002-M-10x5-R-14k-f-AF97F8274,https://res.cloudinary.com/dqscf8bog/image/upload/v1753871139/vredra22imr1cq79nj8w.png
BR0002-M-12x6-R-14k-f-A845D3662,https://res.cloudinary.com/dqscf8bog/image/upload/v1753871072/wx8x3xwlzlv87ovqevgt.png
BR0002-PS-8x6-R-18k-f-C5A81F763,https://res.cloudinary.com/dqscf8bog/image/upload/v1753871178/edjgawxoq1bkwckozfgd.png
BR0002-PS-10x7-R-18k-f-A8628071D,https://res.cloudinary.com/dqscf8bog/image/upload/v1753871026/kxvuvnwbrfuthx7lfv64.png
BR0002-R-6.5-R-18k-f-C637747BF/RN,https://res.cloudinary.com/dqscf8bog/image/upload/v1753871143/g1kfdwiktsbkycjzdoei.png
BR0002-R-8-R-18k-f-CEFA284D0,https://res.cloudinary.com/dqscf8bog/image/upload/v1753871162/gwideeeeodljiimg6tcu.png
BR0002-R-9.4-R-18k-f-0B24FE974,https://res.cloudinary.com/dqscf8bog/image/upload/v1753871154/ypmhygk8tbbyyys4tjvv.png
BR0002-R-10-R-18k-f-02989AC97,https://res.cloudinary.com/dqscf8bog/image/upload/v1753871154/ypmhygk8tbbyyys4tjvv.png
BR0002-R-11-R-18k-f-69BDE9977,
BR0002-M-10x5-R-18k-f-AF97F8274,https://res.cloudinary.com/dqscf8bog/image/upload/v1753871139/vredra22imr1cq79nj8w.png
BR0002-M-12x6-R-18k-f-A845D3662,https://res.cloudinary.com/dqscf8bog/image/upload/v1753871072/wx8x3xwlzlv87ovqevgt.png
BR0003-PS-8x6-W-14k-f-C5A81F763,https://res.cloudinary.com/dqscf8bog/image/upload/v1753872271/alx9unleq9225dygf4as.png
BR0003-PS-10x7-W-14k-f-A8628071D,https://res.cloudinary.com/dqscf8bog/image/upload/v1753872377/wo2pspuiejdqmoh3ugji.png
BR0003-R-6.5-W-14k-f-C637747BF/RN,https://res.cloudinary.com/dqscf8bog/image/upload/v1753872327/otxgpwwrx5lh6rmwflto.png
BR0003-R-8-W-14k-f-CEFA284D0,https://res.cloudinary.com/dqscf8bog/image/upload/v1753872379/kvl1vrw2okwutrtjyjij.png
BR0003-R-9.4-W-14k-f-0B24FE974,https://res.cloudinary.com/dqscf8bog/image/upload/v1753872349/uw2fwooyb2md7z1lntf2.png
BR0003-R-10-W-14k-f-02989AC97,https://res.cloudinary.com/dqscf8bog/image/upload/v1753872340/bqnck9vphjoslslqiagb.png
BR0003-R-11-W-14k-f-69BDE9977,https://res.cloudinary.com/dqscf8bog/image/upload/v1753872291/bolsv472tptz1fpa2hwh.png
BR0003-M-12x6-W-14k-f-A845D3662,https://res.cloudinary.com/dqscf8bog/image/upload/v1753872380/mejrvoanfmztxbb2au7p.png
BR0003-PS-8x6-W-18k-f-C5A81F763,https://res.cloudinary.com/dqscf8bog/image/upload/v1753872271/alx9unleq9225dygf4as.png
BR0003-PS-10x7-W-18k-f-A8628071D,https://res.cloudinary.com/dqscf8bog/image/upload/v1753872377/wo2pspuiejdqmoh3ugji.png
BR0003-R-6.5-W-18k-f-C637747BF/RN,https://res.cloudinary.com/dqscf8bog/image/upload/v1753872327/otxgpwwrx5lh6rmwflto.png
BR0003-R-8-W-18k-f-CEFA284D0,https://res.cloudinary.com/dqscf8bog/image/upload/v1753872379/kvl1vrw2okwutrtjyjij.png
BR0003-R-9.4-W-18k-f-0B24FE974,https://res.cloudinary.com/dqscf8bog/image/upload/v1753872349/uw2fwooyb2md7z1lntf2.png
BR0003-R-10-W-18k-f-02989AC97,https://res.cloudinary.com/dqscf8bog/image/upload/v1753872340/bqnck9vphjoslslqiagb.png
BR0003-R-11-W-18k-f-69BDE9977,https://res.cloudinary.com/dqscf8bog/image/upload/v1753872291/bolsv472tptz1fpa2hwh.png
BR0003-M-12x6-W-18k-f-A845D3662,https://res.cloudinary.com/dqscf8bog/image/upload/v1753872380/mejrvoanfmztxbb2au7p.png
BR0003-PS-8x6-P-f-C5A81F763,https://res.cloudinary.com/dqscf8bog/image/upload/v1753872271/alx9unleq9225dygf4as.png
BR0003-PS-10x7-P-f-A8628071D,https://res.cloudinary.com/dqscf8bog/image/upload/v1753872377/wo2pspuiejdqmoh3ugji.png
BR0003-R-6.5-P-f-C637747BF/RN,https://res.cloudinary.com/dqscf8bog/image/upload/v1753872327/otxgpwwrx5lh6rmwflto.png
BR0003-R-8-P-f-CEFA284D0,https://res.cloudinary.com/dqscf8bog/image/upload/v1753872379/kvl1vrw2okwutrtjyjij.png
BR0003-R-9.4-P-f-0B24FE974,https://res.cloudinary.com/dqscf8bog/image/upload/v1753872349/uw2fwooyb2md7z1lntf2.png
BR0003-R-10-P-f-02989AC97,https://res.cloudinary.com/dqscf8bog/image/upload/v1753872340/bqnck9vphjoslslqiagb.png
BR0003-R-11-P-f-69BDE9977,https://res.cloudinary.com/dqscf8bog/image/upload/v1753872291/bolsv472tptz1fpa2hwh.png
BR0003-M-12x6-P-f-A845D3662,https://res.cloudinary.com/dqscf8bog/image/upload/v1753872380/mejrvoanfmztxbb2au7p.png
BR0003-PS-8x6-Y-14k-f-C5A81F763,https://res.cloudinary.com/dqscf8bog/image/upload/v1753872268/va1bhpiydqunf8iixyoq.png
BR0003-PS-10x7-Y-14k-f-A8628071D,https://res.cloudinary.com/dqscf8bog/image/upload/v1753872322/t7flehflacewuo5ny12r.png
BR0003-R-6.5-Y-14k-f-C637747BF/RN,https://res.cloudinary.com/dqscf8bog/image/upload/v1753872331/oiqvckkhzlslefoawzia.png
BR0003-R-8-Y-14k-f-CEFA284D0,https://res.cloudinary.com/dqscf8bog/image/upload/v1753872353/nz2auixlxvhshli1pzj3.png
BR0003-R-9.4-Y-14k-f-0B24FE974,https://res.cloudinary.com/dqscf8bog/image/upload/v1753872422/u1wua7f969vo8z90j4pj.png
BR0003-R-10-Y-14k-f-02989AC97,https://res.cloudinary.com/dqscf8bog/image/upload/v1753872412/nu2sfvmiozkjytqqwbev.png
BR0003-R-11-Y-14k-f-69BDE9977,https://res.cloudinary.com/dqscf8bog/image/upload/v1753872296/vmpatoswubfbnftme1sm.png
BR0003-M-12x6-Y-14k-f-A845D3662,https://res.cloudinary.com/dqscf8bog/image/upload/v1753872423/kbf4upceernkdmt9ewhz.png
BR0003-PS-8x6-Y-18k-f-C5A81F763,https://res.cloudinary.com/dqscf8bog/image/upload/v1753872268/va1bhpiydqunf8iixyoq.png
BR0003-PS-10x7-Y-18k-f-A8628071D,https://res.cloudinary.com/dqscf8bog/image/upload/v1753872322/t7flehflacewuo5ny12r.png
BR0003-R-6.5-Y-18k-f-C637747BF/RN,https://res.cloudinary.com/dqscf8bog/image/upload/v1753872331/oiqvckkhzlslefoawzia.png
BR0003-R-8-Y-18k-f-CEFA284D0,https://res.cloudinary.com/dqscf8bog/image/upload/v1753872353/nz2auixlxvhshli1pzj3.png
BR0003-R-9.4-Y-18k-f-0B24FE974,https://res.cloudinary.com/dqscf8bog/image/upload/v1753872422/u1wua7f969vo8z90j4pj.png
BR0003-R-10-Y-18k-f-02989AC97,https://res.cloudinary.com/dqscf8bog/image/upload/v1753872412/nu2sfvmiozkjytqqwbev.png
BR0003-R-11-Y-18k-f-69BDE9977,https://res.cloudinary.com/dqscf8bog/image/upload/v1753872296/vmpatoswubfbnftme1sm.png
BR0003-M-12x6-Y-18k-f-A845D3662,https://res.cloudinary.com/dqscf8bog/image/upload/v1753872423/kbf4upceernkdmt9ewhz.png
BR0003-PS-8x6-R-14k-f-C5A81F763,https://res.cloudinary.com/dqscf8bog/image/upload/v1753872334/qn865djmfcvxwm0kdmwv.png
BR0003-PS-10x7-R-14k-f-A8628071D,https://res.cloudinary.com/dqscf8bog/image/upload/v1753872355/g11rml9skttetedvzuju.png
BR0003-R-6.5-R-14k-f-C637747BF/RN,https://res.cloudinary.com/dqscf8bog/image/upload/v1753872344/w1pnrcomec2wbslqsycm.png
BR0003-R-8-R-14k-f-CEFA284D0,https://res.cloudinary.com/dqscf8bog/image/upload/v1753872371/mspebasvvceza2ux5ypo.png
BR0003-R-9.4-R-14k-f-0B24FE974,https://res.cloudinary.com/dqscf8bog/image/upload/v1753872392/hne2kze989ehugju5u9d.png
BR0003-R-10-R-14k-f-02989AC97,https://res.cloudinary.com/dqscf8bog/image/upload/v1753872415/qqjexst8qv0fihxu7qoy.png
BR0003-R-11-R-14k-f-69BDE9977,https://res.cloudinary.com/dqscf8bog/image/upload/v1753872330/zlnebtvgrpzg5ufbboee.png
BR0003-M-12x6-R-14k-f-A845D3662,https://res.cloudinary.com/dqscf8bog/image/upload/v1753872272/jx54h5v4gcwlb7p46sn9.png
BR0003-PS-8x6-R-18k-f-C5A81F763,https://res.cloudinary.com/dqscf8bog/image/upload/v1753872334/qn865djmfcvxwm0kdmwv.png
BR0003-PS-10x7-R-18k-f-A8628071D,https://res.cloudinary.com/dqscf8bog/image/upload/v1753872355/g11rml9skttetedvzuju.png
BR0003-R-6.5-R-18k-f-C637747BF/RN,https://res.cloudinary.com/dqscf8bog/image/upload/v1753872344/w1pnrcomec2wbslqsycm.png
BR0003-R-8-R-18k-f-CEFA284D0,https://res.cloudinary.com/dqscf8bog/image/upload/v1753872371/mspebasvvceza2ux5ypo.png
BR0003-R-9.4-R-18k-f-0B24FE974,https://res.cloudinary.com/dqscf8bog/image/upload/v1753872392/hne2kze989ehugju5u9d.png
BR0003-R-10-R-18k-f-02989AC97,https://res.cloudinary.com/dqscf8bog/image/upload/v1753872415/qqjexst8qv0fihxu7qoy.png
BR0003-R-11-R-18k-f-69BDE9977,https://res.cloudinary.com/dqscf8bog/image/upload/v1753872330/zlnebtvgrpzg5ufbboee.png
BR0003-M-12x6-R-18k-f-A845D3662,https://res.cloudinary.com/dqscf8bog/image/upload/v1753872272/jx54h5v4gcwlb7p46sn9.png
BR0004-M-12x6-R-14k-f-A845D3662,https://res.cloudinary.com/dqscf8bog/image/upload/v1753870383/uhqk05c1ita2hv3rokj8.png
BR0004-PS-8x6-R-14k-f-C5A81F763,https://res.cloudinary.com/dqscf8bog/image/upload/v1753870390/ufjqxthqace64c1qh5mu.png
BR0004-PS-10x7-R-14k-f-A8628071D,https://res.cloudinary.com/dqscf8bog/image/upload/v1753870382/m9ltmmm4uefbnwxly78a.png
BR0004-R-6.5-R-14k-f-C637747BF/RN,https://res.cloudinary.com/dqscf8bog/image/upload/v1753870419/toscmjhzltxyzscc36pr.png
BR0004-R-8-R-14k-f-CEFA284D0,https://res.cloudinary.com/dqscf8bog/image/upload/v1753870475/kiautpxc4v5z2wwnrxok.png
BR0004-R-9.4-R-14k-f-0B24FE974,https://res.cloudinary.com/dqscf8bog/image/upload/v1753870459/kq2f91g1emfxpot0x7ja.png
BR0004-R-10-R-14k-f-02989AC97,https://res.cloudinary.com/dqscf8bog/image/upload/v1753870471/a35mnr4ebbh0olxp1pdu.png
BR0004-R-11-R-14k-f-69BDE9977,https://res.cloudinary.com/dqscf8bog/image/upload/v1753870365/qxdjay3yjfve3kmdykz3.png
BR0004-M-12x6-W-14k-f-A845D3662,https://res.cloudinary.com/dqscf8bog/image/upload/v1753870373/btfpyd6wnkpdsbtyigvo.png
BR0004-PS-8x6-W-14k-f-C5A81F763,https://res.cloudinary.com/dqscf8bog/image/upload/v1753870377/coi7wb6uroarwlbvnfiz.png
BR0004-PS-10x7-W-14k-f-A8628071D,https://res.cloudinary.com/dqscf8bog/image/upload/v1753870444/mslfabqeyr9xcp4n9agd.png
BR0004-R-6.5-W-14k-f-C637747BF/RN,https://res.cloudinary.com/dqscf8bog/image/upload/v1753870476/db5lb4pdolrikwgfkhpc.png
BR0004-R-8-W-14k-f-CEFA284D0,https://res.cloudinary.com/dqscf8bog/image/upload/v1753870445/gvvjfxj1i3dlkcq8hvs4.png
BR0004-R-9.4-W-14k-f-0B24FE974,https://res.cloudinary.com/dqscf8bog/image/upload/v1753870461/bcooqbrhaopfipjanvts.png
BR0004-R-10-W-14k-f-02989AC97,https://res.cloudinary.com/dqscf8bog/image/upload/v1753870468/mxwror11mhahfwnjbp4m.png
BR0004-R-11-W-14k-f-69BDE9977,https://res.cloudinary.com/dqscf8bog/image/upload/v1753870442/mph58psalexsjm40fp8f.png
BR0004-M-12x6-Y-14k-f-A845D3662,https://res.cloudinary.com/dqscf8bog/image/upload/v1753870358/ttnvaexm0h562c49xj0b.png
BR0004-PS-8x6-Y-14k-f-C5A81F763,https://res.cloudinary.com/dqscf8bog/image/upload/v1753870479/wniqdpsweaxi8fsoetit.png
BR0004-PS-10x7-Y-14k-f-A8628071D,https://res.cloudinary.com/dqscf8bog/image/upload/v1753870376/tyc2hqvorw9yfblemede.png
BR0004-R-6.5-Y-14k-f-C637747BF/RN,https://res.cloudinary.com/dqscf8bog/image/upload/v1753870421/rckqdft87jefxlhpe0kn.png
BR0004-R-8-Y-14k-f-CEFA284D0,https://res.cloudinary.com/dqscf8bog/image/upload/v1753870453/xbjgjaowtkutyw66g1fl.png
BR0004-R-9.4-Y-14k-f-0B24FE974,https://res.cloudinary.com/dqscf8bog/image/upload/v1753870400/mypfwgfjkwuonbiecrzw.png
BR0004-R-10-Y-14k-f-02989AC97,https://res.cloudinary.com/dqscf8bog/image/upload/v1753870431/ssnkbns7bnhx23oym2rd.png
BR0004-R-11-Y-14k-f-69BDE9977,https://res.cloudinary.com/dqscf8bog/image/upload/v1753870393/slk1f4artgv6pbhu4slw.png
BR0004-M-12x6-R-18k-f-A845D3662,https://res.cloudinary.com/dqscf8bog/image/upload/v1753870383/uhqk05c1ita2hv3rokj8.png
BR0004-PS-8x6-R-18k-f-C5A81F763,https://res.cloudinary.com/dqscf8bog/image/upload/v1753870390/ufjqxthqace64c1qh5mu.png
BR0004-PS-10x7-R-18k-f-A8628071D,https://res.cloudinary.com/dqscf8bog/image/upload/v1753870382/m9ltmmm4uefbnwxly78a.png
BR0004-R-6.5-R-18k-f-C637747BF/RN,https://res.cloudinary.com/dqscf8bog/image/upload/v1753870419/toscmjhzltxyzscc36pr.png
BR0004-R-8-R-18k-f-CEFA284D0,https://res.cloudinary.com/dqscf8bog/image/upload/v1753870475/kiautpxc4v5z2wwnrxok.png
BR0004-R-9.4-R-18k-f-0B24FE974,https://res.cloudinary.com/dqscf8bog/image/upload/v1753870459/kq2f91g1emfxpot0x7ja.png
BR0004-R-10-R-18k-f-02989AC97,https://res.cloudinary.com/dqscf8bog/image/upload/v1753870471/a35mnr4ebbh0olxp1pdu.png
BR0004-R-11-R-18k-f-69BDE9977,https://res.cloudinary.com/dqscf8bog/image/upload/v1753870365/qxdjay3yjfve3kmdykz3.png
BR0004-M-12x6-W-18k-f-A845D3662,https://res.cloudinary.com/dqscf8bog/image/upload/v1753870373/btfpyd6wnkpdsbtyigvo.png
BR0004-PS-8x6-W-18k-f-C5A81F763,https://res.cloudinary.com/dqscf8bog/image/upload/v1753870377/coi7wb6uroarwlbvnfiz.png
BR0004-PS-10x7-W-18k-f-A8628071D,https://res.cloudinary.com/dqscf8bog/image/upload/v1753870444/mslfabqeyr9xcp4n9agd.png
BR0004-R-6.5-W-18k-f-C637747BF/RN,https://res.cloudinary.com/dqscf8bog/image/upload/v1753870476/db5lb4pdolrikwgfkhpc.png
BR0004-R-8-W-18k-f-CEFA284D0,https://res.cloudinary.com/dqscf8bog/image/upload/v1753870445/gvvjfxj1i3dlkcq8hvs4.png
BR0004-R-9.4-W-18k-f-0B24FE974,https://res.cloudinary.com/dqscf8bog/image/upload/v1753870461/bcooqbrhaopfipjanvts.png
BR0004-R-10-W-18k-f-02989AC97,https://res.cloudinary.com/dqscf8bog/image/upload/v1753870468/mxwror11mhahfwnjbp4m.png
BR0004-R-11-W-18k-f-69BDE9977,https://res.cloudinary.com/dqscf8bog/image/upload/v1753870442/mph58psalexsjm40fp8f.png
BR0004-M-12x6-Y-18k-f-A845D3662,https://res.cloudinary.com/dqscf8bog/image/upload/v1753870358/ttnvaexm0h562c49xj0b.png
BR0004-PS-8x6-Y-18k-f-C5A81F763,https://res.cloudinary.com/dqscf8bog/image/upload/v1753870479/wniqdpsweaxi8fsoetit.png
BR0004-PS-10x7-Y-18k-f-A8628071D,https://res.cloudinary.com/dqscf8bog/image/upload/v1753870376/tyc2hqvorw9yfblemede.png
BR0004-R-6.5-Y-18k-f-C637747BF/RN,https://res.cloudinary.com/dqscf8bog/image/upload/v1753870421/rckqdft87jefxlhpe0kn.png
BR0004-R-8-Y-18k-f-CEFA284D0,https://res.cloudinary.com/dqscf8bog/image/upload/v1753870453/xbjgjaowtkutyw66g1fl.png
BR0004-R-9.4-Y-18k-f-0B24FE974,https://res.cloudinary.com/dqscf8bog/image/upload/v1753870400/mypfwgfjkwuonbiecrzw.png
BR0004-R-10-Y-18k-f-02989AC97,https://res.cloudinary.com/dqscf8bog/image/upload/v1753870431/ssnkbns7bnhx23oym2rd.png
BR0004-R-11-Y-18k-f-69BDE9977,https://res.cloudinary.com/dqscf8bog/image/upload/v1753870393/slk1f4artgv6pbhu4slw.png
BR0004-M-12x6-P-f-A845D3662,https://res.cloudinary.com/dqscf8bog/image/upload/v1753870383/uhqk05c1ita2hv3rokj8.png
BR0004-PS-8x6-P-f-C5A81F763,https://res.cloudinary.com/dqscf8bog/image/upload/v1753870377/coi7wb6uroarwlbvnfiz.png
BR0004-PS-10x7-P-f-A8628071D,https://res.cloudinary.com/dqscf8bog/image/upload/v1753870444/mslfabqeyr9xcp4n9agd.png
BR0004-R-6.5-P-f-C637747BF/RN,https://res.cloudinary.com/dqscf8bog/image/upload/v1753870476/db5lb4pdolrikwgfkhpc.png
BR0004-R-8-P-f-CEFA284D0,https://res.cloudinary.com/dqscf8bog/image/upload/v1753870445/gvvjfxj1i3dlkcq8hvs4.png
BR0004-R-9.4-P-f-0B24FE974,https://res.cloudinary.com/dqscf8bog/image/upload/v1753870461/bcooqbrhaopfipjanvts.png
BR0004-R-10-P-f-02989AC97,https://res.cloudinary.com/dqscf8bog/image/upload/v1753870468/mxwror11mhahfwnjbp4m.png
BR0004-R-11-P-f-69BDE9977,https://res.cloudinary.com/dqscf8bog/image/upload/v1753870442/mph58psalexsjm40fp8f.png
BR0005-M-12x6-R-14k-f-A845D3662,https://res.cloudinary.com/dqscf8bog/image/upload/v1753870804/ezrkvhceucwxvdzh8121.png
BR0005-M-16x8-R-14k-f-AF97F8274,https://res.cloudinary.com/dqscf8bog/image/upload/v1753870680/s9ouh37yreioryvlatcg.png
BR0005-PS-8x6-R-14k-f-C5A81F763,https://res.cloudinary.com/dqscf8bog/image/upload/v1753870695/xbete2hhi2arftbzakyq.png
BR0005-PS-9x6-R-14k-f-A8628071D,https://res.cloudinary.com/dqscf8bog/image/upload/v1753870666/sehnnnmsg35f9dqawuzk.png
BR0005-R-6.5-R-14k-f-C637747BF/RN,https://res.cloudinary.com/dqscf8bog/image/upload/v1753870812/fsdxkmawrxupd9iskx3a.png
BR0005-R-8-R-14k-f-CEFA284D0,https://res.cloudinary.com/dqscf8bog/image/upload/v1753870795/mvqwj3tfse98raglpzrf.png
BR0005-R-9.4-R-14k-f-0B24FE974,https://res.cloudinary.com/dqscf8bog/image/upload/v1753870770/slqo4g3xm1h2licycucz.png
BR0005-R-10-R-14k-f-02989AC97,https://res.cloudinary.com/dqscf8bog/image/upload/v1753870759/qzqnlg5uqu2szqpbjt4h.png
BR0005-R-11-R-14k-f-69BDE9977,https://res.cloudinary.com/dqscf8bog/image/upload/v1753870729/ktwvgci4tbzvk6hnudsm.png
BR0005-M-12x6-W-14k-f-A845D3662,https://res.cloudinary.com/dqscf8bog/image/upload/v1753870708/mzc5pn1ljf1abxpb2zre.png
BR0005-M-16x8-W-14k-f-AF97F8274,https://res.cloudinary.com/dqscf8bog/image/upload/v1753870805/ftcsd3pq4kmliyxmd9xc.png
BR0005-M-16x8-R-18k-f-AF97F8274,https://res.cloudinary.com/dqscf8bog/image/upload/v1753870680/s9ouh37yreioryvlatcg.png
BR0005-PS-9x6-W-14k-f-A8628071D,https://res.cloudinary.com/dqscf8bog/image/upload/v1753870820/ikgalyuxfdwvo7kin3kq.png
BR0005-R-6.5-W-14k-f-C637747BF/RN,https://res.cloudinary.com/dqscf8bog/image/upload/v1753870712/tzrdmfm1fgmhfwq7lroz.png
BR0005-R-8-W-14k-f-CEFA284D0,https://res.cloudinary.com/dqscf8bog/image/upload/v1753870823/ltvijndbcnejsboutych.png
BR0005-R-9.4-W-14k-f-0B24FE974,https://res.cloudinary.com/dqscf8bog/image/upload/v1753870747/tq1uopkl8kqgm0c7pwlz.png
BR0005-R-10-W-14k-f-02989AC97,https://res.cloudinary.com/dqscf8bog/image/upload/v1753870699/uvxcdeiatxzbspnliqtu.png
BR0005-R-11-W-14k-f-69BDE9977,https://res.cloudinary.com/dqscf8bog/image/upload/v1753870733/sfbxttwbierdne9kiudj.png
BR0005-M-12x6-Y-14k-f-A845D3662,https://res.cloudinary.com/dqscf8bog/image/upload/v1753870688/bnl8uhb444qv5f3vxlsb.png
BR0005-M-16x8-Y-14k-f-AF97F8274,https://res.cloudinary.com/dqscf8bog/image/upload/v1753870664/vk3aefrfudqkgyfhho6w.png
BR0005-PS-8x6-Y-14k-f-C5A81F763,https://res.cloudinary.com/dqscf8bog/image/upload/v1753870815/vrojatjfrvgjcgpwgo62.png
BR0005-PS-9x6-Y-14k-f-A8628071D,https://res.cloudinary.com/dqscf8bog/image/upload/v1753870776/ztm2namdiijegz5vr3l8.png
BR0005-R-6.5-Y-14k-f-C637747BF/RN,https://res.cloudinary.com/dqscf8bog/image/upload/v1753870787/x3g6vmuwkskua5zaj07d.png
BR0005-R-8-Y-14k-f-CEFA284D0,https://res.cloudinary.com/dqscf8bog/image/upload/v1753870716/b0t73dk5els3hzennszx.png
BR0005-R-9.4-Y-14k-f-0B24FE974,https://res.cloudinary.com/dqscf8bog/image/upload/v1753870702/dbt0tggs7llwlyez8amj.png
BR0005-R-10-Y-14k-f-02989AC97,https://res.cloudinary.com/dqscf8bog/image/upload/v1753870693/nquqpms0u6r9inrnp9mi.png
BR0005-R-11-Y-14k-f-69BDE9977,https://res.cloudinary.com/dqscf8bog/image/upload/v1753870758/jtxuap3rzwk8vgxsc28m.png
BR0005-M-12x6-R-18k-f-A845D3662,https://res.cloudinary.com/dqscf8bog/image/upload/v1753870804/ezrkvhceucwxvdzh8121.png
BR0005-PS-8x6-R-18k-f-C5A81F763,https://res.cloudinary.com/dqscf8bog/image/upload/v1753870695/xbete2hhi2arftbzakyq.png
BR0005-PS-9x6-R-18k-f-A8628071D,https://res.cloudinary.com/dqscf8bog/image/upload/v1753870666/sehnnnmsg35f9dqawuzk.png
BR0005-R-6.5-R-18k-f-C637747BF/RN,https://res.cloudinary.com/dqscf8bog/image/upload/v1753870812/fsdxkmawrxupd9iskx3a.png
BR0005-R-8-R-18k-f-CEFA284D0,https://res.cloudinary.com/dqscf8bog/image/upload/v1753870795/mvqwj3tfse98raglpzrf.png
BR0005-R-9.4-R-18k-f-0B24FE974,https://res.cloudinary.com/dqscf8bog/image/upload/v1753870770/slqo4g3xm1h2licycucz.png
BR0005-R-10-R-18k-f-02989AC97,https://res.cloudinary.com/dqscf8bog/image/upload/v1753870759/qzqnlg5uqu2szqpbjt4h.png
BR0005-R-11-R-18k-f-69BDE9977,https://res.cloudinary.com/dqscf8bog/image/upload/v1753870729/ktwvgci4tbzvk6hnudsm.png
BR0005-M-12x6-W-18k-f-A845D3662,https://res.cloudinary.com/dqscf8bog/image/upload/v1753870708/mzc5pn1ljf1abxpb2zre.png
BR0005-M-16x8-W-18k-f-AF97F8274,https://res.cloudinary.com/dqscf8bog/image/upload/v1753870805/ftcsd3pq4kmliyxmd9xc.png
BR0005-PS-8x6-W-18k-f-C5A81F763,https://res.cloudinary.com/dqscf8bog/image/upload/v1753870756/vcaj1uod2ilseul1xhes.png
BR0005-PS-9x6-W-18k-f-A8628071D,https://res.cloudinary.com/dqscf8bog/image/upload/v1753870820/ikgalyuxfdwvo7kin3kq.png
BR0005-R-6.5-W-18k-f-C637747BF/RN,https://res.cloudinary.com/dqscf8bog/image/upload/v1753870712/tzrdmfm1fgmhfwq7lroz.png
BR0005-R-8-W-18k-f-CEFA284D0,https://res.cloudinary.com/dqscf8bog/image/upload/v1753870823/ltvijndbcnejsboutych.png
BR0005-R-9.4-W-18k-f-0B24FE974,https://res.cloudinary.com/dqscf8bog/image/upload/v1753870747/tq1uopkl8kqgm0c7pwlz.png
BR0005-R-10-W-18k-f-02989AC97,https://res.cloudinary.com/dqscf8bog/image/upload/v1753870699/uvxcdeiatxzbspnliqtu.png
BR0005-R-11-W-18k-f-69BDE9977,https://res.cloudinary.com/dqscf8bog/image/upload/v1753870733/sfbxttwbierdne9kiudj.png
BR0005-M-12x6-Y-18k-f-A845D3662,https://res.cloudinary.com/dqscf8bog/image/upload/v1753870688/bnl8uhb444qv5f3vxlsb.png
BR0005-M-16x8-Y-18k-f-AF97F8274,https://res.cloudinary.com/dqscf8bog/image/upload/v1753870664/vk3aefrfudqkgyfhho6w.png
BR0005-PS-8x6-Y-18k-f-C5A81F763,https://res.cloudinary.com/dqscf8bog/image/upload/v1753870815/vrojatjfrvgjcgpwgo62.png
BR0005-PS-9x6-Y-18k-f-A8628071D,https://res.cloudinary.com/dqscf8bog/image/upload/v1753870776/ztm2namdiijegz5vr3l8.png
BR0005-R-6.5-Y-18k-f-C637747BF/RN,https://res.cloudinary.com/dqscf8bog/image/upload/v1753870787/x3g6vmuwkskua5zaj07d.png
BR0005-R-8-Y-18k-f-CEFA284D0,https://res.cloudinary.com/dqscf8bog/image/upload/v1753870716/b0t73dk5els3hzennszx.png
BR0005-R-9.4-Y-18k-f-0B24FE974,https://res.cloudinary.com/dqscf8bog/image/upload/v1753870702/dbt0tggs7llwlyez8amj.png
BR0005-R-10-Y-18k-f-02989AC97,https://res.cloudinary.com/dqscf8bog/image/upload/v1753870693/nquqpms0u6r9inrnp9mi.png
BR0005-R-11-Y-18k-f-69BDE9977,https://res.cloudinary.com/dqscf8bog/image/upload/v1753870758/jtxuap3rzwk8vgxsc28m.png
BR0005-M-12x6-P-f-A845D3662,https://res.cloudinary.com/dqscf8bog/image/upload/v1753870708/mzc5pn1ljf1abxpb2zre.png
BR0005-M-16x8-P-f-AF97F8274,https://res.cloudinary.com/dqscf8bog/image/upload/v1753870805/ftcsd3pq4kmliyxmd9xc.png
BR0005-PS-8x6-P-f-C5A81F763,https://res.cloudinary.com/dqscf8bog/image/upload/v1753870756/vcaj1uod2ilseul1xhes.png
BR0005-PS-9x6-P-f-A8628071D,https://res.cloudinary.com/dqscf8bog/image/upload/v1753870820/ikgalyuxfdwvo7kin3kq.png
BR0005-R-6.5-P-f-C637747BF/RN,https://res.cloudinary.com/dqscf8bog/image/upload/v1753870712/tzrdmfm1fgmhfwq7lroz.png
BR0005-R-8-P-f-CEFA284D0,https://res.cloudinary.com/dqscf8bog/image/upload/v1753870823/ltvijndbcnejsboutych.png
BR0005-R-9.4-P-f-0B24FE974,https://res.cloudinary.com/dqscf8bog/image/upload/v1753870747/tq1uopkl8kqgm0c7pwlz.png
BR0005-R-10-P-f-02989AC97,https://res.cloudinary.com/dqscf8bog/image/upload/v1753870699/uvxcdeiatxzbspnliqtu.png
BR0005-R-11-P-f-69BDE9977,https://res.cloudinary.com/dqscf8bog/image/upload/v1753870733/sfbxttwbierdne9kiudj.png
BR0006-M-12x6-R-14k-f-A845D3662,https://res.cloudinary.com/dqscf8bog/image/upload/v1753870488/ahsjzd9nwpafvfzoan5d.png
BR0006-PS-8x6-R-14k-f-C5A81F763,https://res.cloudinary.com/dqscf8bog/image/upload/v1753870561/k2aoilerjorz2zdft0jn.png
BR0006-PS-9x6-R-14k-f-A8628071D,https://res.cloudinary.com/dqscf8bog/image/upload/v1753870522/imvehafbddauqgb146tv.png
BR0006-R-6.5-R-14k-f-C637747BF/RN,https://res.cloudinary.com/dqscf8bog/image/upload/v1753870483/v9hgwa9ujfwo7jwcuwcp.png
BR0006-R-8-R-14k-f-69BDE9977,https://res.cloudinary.com/dqscf8bog/image/upload/v1753870577/ovtzhnqap53puhvrhxnm.png
BR0006-R-9.4-R-14k-f-0B24FE974,https://res.cloudinary.com/dqscf8bog/image/upload/v1753870527/iys7lh4emzctdxivouqf.png
BR0006-R-10-R-14k-f-02989AC97,https://res.cloudinary.com/dqscf8bog/image/upload/v1753870551/eurgb1olg3sabpalpqwz.png
BR0006-M-12x6-W-14k-f-A845D3662,https://res.cloudinary.com/dqscf8bog/image/upload/v1753870538/astjo4vhiui4f84yebzf.png
BR0006-PS-8x6-W-14k-f-C5A81F763,https://res.cloudinary.com/dqscf8bog/image/upload/v1753870600/fhvbgcffxbp4dghxdmhn.png
BR0006-PS-10x7-W-14k-f-A8628071D,https://res.cloudinary.com/dqscf8bog/image/upload/v1753870536/nrhyerovlos2dz8bvvwk.png
BR0006-R-6.5-W-14k-f-C637747BF/RN,https://res.cloudinary.com/dqscf8bog/image/upload/v1753870610/nrwerp2fcoivggwoyost.png
BR0006-R-8-W-14k-f-CEFA284D0,https://res.cloudinary.com/dqscf8bog/image/upload/v1753870612/o8du2mfsvlaueteamifk.png
BR0006-R-9.4-W-14k-f-0B24FE974,https://res.cloudinary.com/dqscf8bog/image/upload/v1753870541/ylmcpkg99fzwguafvdoc.png
BR0006-R-10-W-14k-f-02989AC97,https://res.cloudinary.com/dqscf8bog/image/upload/v1753870591/kkjo0rihvg2oucqwtznb.png
BR0006-M-12x6-Y-14k-f-A845D3662,https://res.cloudinary.com/dqscf8bog/image/upload/v1753870518/ypufdnjiqog7t9tlnujh.png
BR0006-PS-8x6-Y-14k-f-C5A81F763,https://res.cloudinary.com/dqscf8bog/image/upload/v1753870555/g0q3kzynavxt9i2uvdf7.png
BR0006-PS-9x6-Y-14k-f-A8628071D,https://res.cloudinary.com/dqscf8bog/image/upload/v1753870521/veotqycfozsx35blubom.png
BR0006-R-6.5-Y-14k-f-C637747BF/RN,https://res.cloudinary.com/dqscf8bog/image/upload/v1753870615/zuij2idxmy6o2mjkrjh8.png
BR0006-R-8-Y-14k-f-CEFA284D0,https://res.cloudinary.com/dqscf8bog/image/upload/v1753870566/ti5taabcs7legdsk8ct3.png
BR0006-R-9.4-Y-14k-f-0B24FE974,https://res.cloudinary.com/dqscf8bog/image/upload/v1753870490/pqypzwktago8ikhd4ia2.png
BR0006-R-10-Y-14k-f-02989AC97,https://res.cloudinary.com/dqscf8bog/image/upload/v1753870485/lnzguvv52ilzyyip60bd.png
BR0006-M-12x6-R-18k-f-A845D3662,https://res.cloudinary.com/dqscf8bog/image/upload/v1753870488/ahsjzd9nwpafvfzoan5d.png
BR0006-PS-8x6-R-18k-f-C5A81F763,https://res.cloudinary.com/dqscf8bog/image/upload/v1753870561/k2aoilerjorz2zdft0jn.png
BR0006-PS-10x7-R-18k-f-A8628071D,https://res.cloudinary.com/dqscf8bog/image/upload/v1753870575/btvrict3k2sjibfr5xnf.png
BR0006-R-6.5-R-18k-f-C637747BF/RN,https://res.cloudinary.com/dqscf8bog/image/upload/v1753870483/v9hgwa9ujfwo7jwcuwcp.png
BR0006-R-8-R-18k-f-CEFA284D0,https://res.cloudinary.com/dqscf8bog/image/upload/v1753870577/ovtzhnqap53puhvrhxnm.png
BR0006-R-9.4-R-18k-f-0B24FE974,https://res.cloudinary.com/dqscf8bog/image/upload/v1753870527/iys7lh4emzctdxivouqf.png
BR0006-R-10-R-18k-f-02989AC97,https://res.cloudinary.com/dqscf8bog/image/upload/v1753870551/eurgb1olg3sabpalpqwz.png
BR0006-M-12x6-W-18k-f-A845D3662,https://res.cloudinary.com/dqscf8bog/image/upload/v1753870538/astjo4vhiui4f84yebzf.png
BR0006-PS-8x6-W-18k-f-C5A81F763,https://res.cloudinary.com/dqscf8bog/image/upload/v1753870600/fhvbgcffxbp4dghxdmhn.png
BR0006-PS-10x7-W-18k-f-A8628071D,https://res.cloudinary.com/dqscf8bog/image/upload/v1753870536/nrhyerovlos2dz8bvvwk.png
BR0006-R-6.5-W-18k-f-C637747BF/RN,https://res.cloudinary.com/dqscf8bog/image/upload/v1753870610/nrwerp2fcoivggwoyost.png
BR0006-R-8-W-18k-f-CEFA284D0,https://res.cloudinary.com/dqscf8bog/image/upload/v1753870612/o8du2mfsvlaueteamifk.png
BR0006-R-9.4-W-18k-f-0B24FE974,https://res.cloudinary.com/dqscf8bog/image/upload/v1753870541/ylmcpkg99fzwguafvdoc.png
BR0006-R-10-W-18k-f-02989AC97,https://res.cloudinary.com/dqscf8bog/image/upload/v1753870591/kkjo0rihvg2oucqwtznb.png
BR0006-M-12x6-Y-18k-f-A845D3662,https://res.cloudinary.com/dqscf8bog/image/upload/v1753870518/ypufdnjiqog7t9tlnujh.png
BR0006-PS-8x6-Y-18k-f-C5A81F763,https://res.cloudinary.com/dqscf8bog/image/upload/v1753870555/g0q3kzynavxt9i2uvdf7.png
BR0006-PS-9x6-Y-18k-f-A8628071D,https://res.cloudinary.com/dqscf8bog/image/upload/v1753870521/veotqycfozsx35blubom.png
BR0006-R-6.5-Y-18k-f-C637747BF/RN,https://res.cloudinary.com/dqscf8bog/image/upload/v1753870615/zuij2idxmy6o2mjkrjh8.png
BR0006-R-8-Y-18k-f-69BDE9977,https://res.cloudinary.com/dqscf8bog/image/upload/v1753870566/ti5taabcs7legdsk8ct3.png
BR0006-R-9.4-Y-18k-f-0B24FE974,https://res.cloudinary.com/dqscf8bog/image/upload/v1753870490/pqypzwktago8ikhd4ia2.png
BR0006-R-10-Y-18k-f-02989AC97,https://res.cloudinary.com/dqscf8bog/image/upload/v1753870485/lnzguvv52ilzyyip60bd.png
BR0006-M-12x6-P-f-A845D3662,https://res.cloudinary.com/dqscf8bog/image/upload/v1753870538/astjo4vhiui4f84yebzf.png
BR0006-PS-8x6-P-f-C5A81F763,https://res.cloudinary.com/dqscf8bog/image/upload/v1753870600/fhvbgcffxbp4dghxdmhn.png
BR0006-PS-10x7-P-f-A8628071D,https://res.cloudinary.com/dqscf8bog/image/upload/v1753870536/nrhyerovlos2dz8bvvwk.png
BR0006-R-6.5-P-f-C637747BF/RN,https://res.cloudinary.com/dqscf8bog/image/upload/v1753870610/nrwerp2fcoivggwoyost.png
BR0006-R-8-P-f-CEFA284D0,https://res.cloudinary.com/dqscf8bog/image/upload/v1753870612/o8du2mfsvlaueteamifk.png
BR0006-R-9.4-P-f-0B24FE974,https://res.cloudinary.com/dqscf8bog/image/upload/v1753870541/ylmcpkg99fzwguafvdoc.png
BR0006-R-10-P-f-02989AC97,https://res.cloudinary.com/dqscf8bog/image/upload/v1753870591/kkjo0rihvg2oucqwtznb.png
BR0007-R-6.5-R-14k-f-C637747BF/RN,https://res.cloudinary.com/dqscf8bog/image/upload/v1753872203/o10exftm2akg1fsjhzao.png
BR0007-R-8-R-14k-f-CEFA284D0,https://res.cloudinary.com/dqscf8bog/image/upload/v1753872249/sjtmbngdwi4vv8wjsuek.png
BR0007-R-9.4-R-14k-f-0B24FE974,https://res.cloudinary.com/dqscf8bog/image/upload/v1753872204/cw3jsozjhuox1siojimq.png
BR0007-R-10-R-14k-f-02989AC97,https://res.cloudinary.com/dqscf8bog/image/upload/v1753872225/lnj8we52zcjqilgo1lp0.png
BR0007-R-11-R-14k-f-69BDE9977,https://res.cloudinary.com/dqscf8bog/image/upload/v1753872259/tootkooxfoiwfzztumju.png
BR0007-R-6.5-W-14k-f-C637747BF/RN,https://res.cloudinary.com/dqscf8bog/image/upload/v1753872151/t3uvuuhceclsdwb9zm8v.png
BR0007-R-8-W-14k-f-CEFA284D0,https://res.cloudinary.com/dqscf8bog/image/upload/v1753872175/aqinu60p1wezudtpkfco.png
BR0007-R-9.4-W-14k-f-0B24FE974,https://res.cloudinary.com/dqscf8bog/image/upload/v1753872211/nidyubxafq1prri4lwse.png
BR0007-R-10-W-14k-f-02989AC97,https://res.cloudinary.com/dqscf8bog/image/upload/v1753872210/gezuuogs7f201tu8jz6v.png
BR0007-R-11-W-14k-f-69BDE9977,https://res.cloudinary.com/dqscf8bog/image/upload/v1753872251/anmu0mnlc6kqsrxhebri.png
BR0007-R-6.5-Y-14k-f-C637747BF/RN,https://res.cloudinary.com/dqscf8bog/image/upload/v1753872178/v4ja9zxdlfuffzmucxze.png
BR0007-R-8-Y-14k-f-CEFA284D0,https://res.cloudinary.com/dqscf8bog/image/upload/v1753872237/he7lilbi6niizkriscqf.png
BR0007-R-9.4-Y-14k-f-0B24FE974,https://res.cloudinary.com/dqscf8bog/image/upload/v1753872257/lgvu2h8bg6wbnmizzqgn.png
BR0007-R-10-Y-14k-f-02989AC97,https://res.cloudinary.com/dqscf8bog/image/upload/v1753872162/lcdudib97ta0xp7dtpy0.png
BR0007-R-11-Y-14k-f-69BDE9977,https://res.cloudinary.com/dqscf8bog/image/upload/v1753872183/ncgwe4kpq2bypbi0tcpq.png
BR0007-R-6.5-R-18k-f-C637747BF/RN,https://res.cloudinary.com/dqscf8bog/image/upload/v1753872203/o10exftm2akg1fsjhzao.png
BR0007-R-8-R-18k-f-CEFA284D0,https://res.cloudinary.com/dqscf8bog/image/upload/v1753872249/sjtmbngdwi4vv8wjsuek.png
BR0007-R-9.4-R-18k-f-0B24FE974,https://res.cloudinary.com/dqscf8bog/image/upload/v1753872204/cw3jsozjhuox1siojimq.png
BR0007-R-10-R-18k-f-02989AC97,https://res.cloudinary.com/dqscf8bog/image/upload/v1753872225/lnj8we52zcjqilgo1lp0.png
BR0007-R-11-R-18k-f-69BDE9977,https://res.cloudinary.com/dqscf8bog/image/upload/v1753872259/tootkooxfoiwfzztumju.png
BR0007-R-6.5-W-18k-f-C637747BF/RN,https://res.cloudinary.com/dqscf8bog/image/upload/v1753872151/t3uvuuhceclsdwb9zm8v.png
BR0007-R-8-W-18k-f-CEFA284D0,https://res.cloudinary.com/dqscf8bog/image/upload/v1753872175/aqinu60p1wezudtpkfco.png
BR0007-R-9.4-W-18k-f-0B24FE974,https://res.cloudinary.com/dqscf8bog/image/upload/v1753872211/nidyubxafq1prri4lwse.png
BR0007-R-10-W-18k-f-02989AC97,https://res.cloudinary.com/dqscf8bog/image/upload/v1753872210/gezuuogs7f201tu8jz6v.png
BR0007-R-11-W-18k-f-69BDE9977,https://res.cloudinary.com/dqscf8bog/image/upload/v1753872251/anmu0mnlc6kqsrxhebri.png
BR0007-R-6.5-Y-18k-f-C637747BF/RN,https://res.cloudinary.com/dqscf8bog/image/upload/v1753872178/v4ja9zxdlfuffzmucxze.png
BR0007-R-8-Y-18k-f-CEFA284D0,https://res.cloudinary.com/dqscf8bog/image/upload/v1753872237/he7lilbi6niizkriscqf.png
BR0007-R-9.4-Y-18k-f-0B24FE974,https://res.cloudinary.com/dqscf8bog/image/upload/v1753872257/lgvu2h8bg6wbnmizzqgn.png
BR0007-R-10-Y-18k-f-02989AC97,https://res.cloudinary.com/dqscf8bog/image/upload/v1753872162/lcdudib97ta0xp7dtpy0.png
BR0007-R-11-Y-18k-f-69BDE9977,https://res.cloudinary.com/dqscf8bog/image/upload/v1753872183/ncgwe4kpq2bypbi0tcpq.png
BR0007-R-6.5-P-f-C637747BF/RN,https://res.cloudinary.com/dqscf8bog/image/upload/v1753872151/t3uvuuhceclsdwb9zm8v.png
BR0007-R-8-P-f-CEFA284D0,https://res.cloudinary.com/dqscf8bog/image/upload/v1753872175/aqinu60p1wezudtpkfco.png
BR0007-R-9.4-P-f-0B24FE974,https://res.cloudinary.com/dqscf8bog/image/upload/v1753872211/nidyubxafq1prri4lwse.png
BR0007-R-10-P-f-02989AC97,https://res.cloudinary.com/dqscf8bog/image/upload/v1753872210/gezuuogs7f201tu8jz6v.png
BR0007-R-11-P-f-69BDE9977,https://res.cloudinary.com/dqscf8bog/image/upload/v1753872251/anmu0mnlc6kqsrxhebri.png
BR0008-PS-8x6-W-14k-f-C5A81F763,https://res.cloudinary.com/dqscf8bog/image/upload/v1753871776/eccpjtefmniwndnldqvp.png
BR0008-PS-10x7-W-14k-f-A8628071D,https://res.cloudinary.com/dqscf8bog/image/upload/v1753871677/ftdx4jkgh4ptol3k8wwu.png
BR0008-R-6.5-W-14k-f-C637747BF/RN,https://res.cloudinary.com/dqscf8bog/image/upload/v1753871706/vsgjxblzfnyqrldn2m7i.png
BR0008-R-8-W-14k-f-CEFA284D0,https://res.cloudinary.com/dqscf8bog/image/upload/v1753871780/znypznxnql5j3ica4s5b.png
BR0008-R-9.4-W-14k-f-0B24FE974,https://res.cloudinary.com/dqscf8bog/image/upload/v1753871649/z1y8a0poi9aiuo85apdz.png
BR0008-R-10-W-14k-f-02989AC97,https://res.cloudinary.com/dqscf8bog/image/upload/v1753871757/dmczuducksewbdhwajww.png
BR0008-R-11-W-14k-f-69BDE9977,https://res.cloudinary.com/dqscf8bog/image/upload/v1753871711/p4kf6gpurxn6o0ir2r5t.png
BR0008-PS-8x6-W-18k-f-C5A81F763,https://res.cloudinary.com/dqscf8bog/image/upload/v1753871776/eccpjtefmniwndnldqvp.png
BR0008-R-6.5-W-18k-f-C637747BF/RN,https://res.cloudinary.com/dqscf8bog/image/upload/v1753871706/vsgjxblzfnyqrldn2m7i.png
BR0008-R-8-W-18k-f-CEFA284D0,https://res.cloudinary.com/dqscf8bog/image/upload/v1753871780/znypznxnql5j3ica4s5b.png
BR0008-R-9.4-W-18k-f-0B24FE974,https://res.cloudinary.com/dqscf8bog/image/upload/v1753871649/z1y8a0poi9aiuo85apdz.png
BR0008-R-10-W-18k-f-02989AC97,https://res.cloudinary.com/dqscf8bog/image/upload/v1753871757/dmczuducksewbdhwajww.png
BR0008-R-11-W-18k-f-69BDE9977,https://res.cloudinary.com/dqscf8bog/image/upload/v1753871711/p4kf6gpurxn6o0ir2r5t.png
BR0008-PS-9x6-W-18k-f-A8628071D,https://res.cloudinary.com/dqscf8bog/image/upload/v1753871647/iqk8wvdpemvjnzkuuhyc.png
BR0008-R-6.5-P-f-C637747BF/RN,https://res.cloudinary.com/dqscf8bog/image/upload/v1753871706/vsgjxblzfnyqrldn2m7i.png
BR0008-R-8-P-f-CEFA284D0,https://res.cloudinary.com/dqscf8bog/image/upload/v1753871780/znypznxnql5j3ica4s5b.png
BR0008-R-9.4-P-f-0B24FE974,https://res.cloudinary.com/dqscf8bog/image/upload/v1753871649/z1y8a0poi9aiuo85apdz.png
BR0008-R-10-P-f-02989AC97,https://res.cloudinary.com/dqscf8bog/image/upload/v1753871757/dmczuducksewbdhwajww.png
BR0008-R-11-P-f-69BDE9977,https://res.cloudinary.com/dqscf8bog/image/upload/v1753871711/p4kf6gpurxn6o0ir2r5t.png
BR0008-PS-8x6-P-f-C5A81F763,
BR0008-PS-9x6-P-f-A8628071D,https://res.cloudinary.com/dqscf8bog/image/upload/v1753871647/iqk8wvdpemvjnzkuuhyc.png
BR0008-R-6.5-Y-14k-f-C637747BF/RN,https://res.cloudinary.com/dqscf8bog/image/upload/v1753871643/ewbafxx0et2eyi1vtgnq.png
BR0008-R-8-Y-14k-f-CEFA284D0,https://res.cloudinary.com/dqscf8bog/image/upload/v1753871789/fxnifwmjqy2pkqizwehl.png
BR0008-R-9.4-Y-14k-f-0B24FE974,https://res.cloudinary.com/dqscf8bog/image/upload/v1753871646/e3uqqbbmt9uhmgg1pok1.png
BR0008-R-10-Y-14k-f-02989AC97,https://res.cloudinary.com/dqscf8bog/image/upload/v1753871718/it8mu9u8ogwig4kcjawt.png
BR0008-R-11-Y-14k-f-69BDE9977,https://res.cloudinary.com/dqscf8bog/image/upload/v1753871662/jglvtmseytc2wlnph1b4.png
BR0008-R-6.5-Y-18k-f-C637747BF/RN,https://res.cloudinary.com/dqscf8bog/image/upload/v1753871643/ewbafxx0et2eyi1vtgnq.png
BR0008-R-8-Y-18k-f-CEFA284D0,https://res.cloudinary.com/dqscf8bog/image/upload/v1753871789/fxnifwmjqy2pkqizwehl.png
BR0008-R-9.4-Y-18k-f-0B24FE974,https://res.cloudinary.com/dqscf8bog/image/upload/v1753871646/e3uqqbbmt9uhmgg1pok1.png
BR0008-R-10-Y-18k-f-02989AC97,https://res.cloudinary.com/dqscf8bog/image/upload/v1753871718/it8mu9u8ogwig4kcjawt.png
BR0008-R-11-Y-18k-f-69BDE9977,https://res.cloudinary.com/dqscf8bog/image/upload/v1753871662/jglvtmseytc2wlnph1b4.png
BR0008-PS-8x6-Y-14k-f-C5A81F763,https://res.cloudinary.com/dqscf8bog/image/upload/v1753871719/iamkb9ffggbtswsvhopo.png
BR0008-PS-10x7-Y-14k-f-A8628071D,https://res.cloudinary.com/dqscf8bog/image/upload/v1753871624/emlqkshzvinhqduo9vip.png
BR0008-R-6.5-R-14k-f-C637747BF/RN,https://res.cloudinary.com/dqscf8bog/image/upload/v1753871651/uamoubp3hv1zcf1lcqht.png
BR0008-R-8-R-14k-f-CEFA284D0,https://res.cloudinary.com/dqscf8bog/image/upload/v1753871786/lmzfovuil9jaq3hlcnb3.png
BR0008-R-9.4-R-14k-f-0B24FE974,https://res.cloudinary.com/dqscf8bog/image/upload/v1753871771/osydwxsyyxkfijwuywxy.png
BR0008-R-10-R-14k-f-02989AC97,https://res.cloudinary.com/dqscf8bog/image/upload/v1753871650/ou1u4taakpexejcwntxf.png
BR0008-R-11-R-14k-f-69BDE9977,https://res.cloudinary.com/dqscf8bog/image/upload/v1753871714/izp84nsofuxdixh3rbhf.png
BR0008-PS-8x6-Y-18k-f-C5A81F763,https://res.cloudinary.com/dqscf8bog/image/upload/v1753871719/iamkb9ffggbtswsvhopo.png
BR0008-R-6.5-R-18k-f-C637747BF/RN,https://res.cloudinary.com/dqscf8bog/image/upload/v1753871651/uamoubp3hv1zcf1lcqht.png
BR0008-R-8-R-18k-f-CEFA284D0,https://res.cloudinary.com/dqscf8bog/image/upload/v1753871786/lmzfovuil9jaq3hlcnb3.png
BR0008-R-9.4-R-18k-f-0B24FE974,https://res.cloudinary.com/dqscf8bog/image/upload/v1753871771/osydwxsyyxkfijwuywxy.png
BR0008-R-10-R-18k-f-02989AC97,https://res.cloudinary.com/dqscf8bog/image/upload/v1753871650/ou1u4taakpexejcwntxf.png
BR0008-R-11-R-18k-f-69BDE9977,https://res.cloudinary.com/dqscf8bog/image/upload/v1753871714/izp84nsofuxdixh3rbhf.png
BR0009-PS-8x6-R-14k-f-C5A81F763,https://res.cloudinary.com/dqscf8bog/image/upload/v1753872610/ey2ef0wsxtpd8ivwhdgi.png
BR0009-R-6.5-R-14k-f-C637747BF/RN,https://res.cloudinary.com/dqscf8bog/image/upload/v1753872429/mhjk8znebn37mpr6nssi.png
BR0009-R-8-R-14k-f-CEFA284D0,https://res.cloudinary.com/dqscf8bog/image/upload/v1753872575/ht32evamoyfetlu8ccsz.png
BR0009-R-9.4-R-14k-f-0B24FE974,https://res.cloudinary.com/dqscf8bog/image/upload/v1753872444/v2y3mjkxu7dotqsbxytf.png
BR0009-R-10-R-14k-f-02989AC97,https://res.cloudinary.com/dqscf8bog/image/upload/v1753872573/odi9aums1q3hv6we3mwb.png
BR0009-R-11-R-14k-f-69BDE9977,https://res.cloudinary.com/dqscf8bog/image/upload/v1753872505/koqre7nino5spt8oypeg.png
BR0009-PS-8x6-W-14k-f-C5A81F763,https://res.cloudinary.com/dqscf8bog/image/upload/v1753872591/pjzntgaevuxxn322psmu.png
BR0009-PS-9x6-W-14k-f-A8628071D,https://res.cloudinary.com/dqscf8bog/image/upload/v1753872608/fglwqzvyo3yw9cwlq1mn.png
BR0009-R-6.5-W-14k-f-C637747BF/RN,https://res.cloudinary.com/dqscf8bog/image/upload/v1753872594/fblouysf4kgnh0qm5mhs.png
BR0009-R-8-W-14k-f-CEFA284D0,https://res.cloudinary.com/dqscf8bog/image/upload/v1753872442/lunp4kv2jbwaksp79fzb.png
BR0009-R-9.4-W-14k-f-0B24FE974,https://res.cloudinary.com/dqscf8bog/image/upload/v1753872553/zdygn6xn95e2xgotkxda.png
BR0009-R-10-W-14k-f-02989AC97,https://res.cloudinary.com/dqscf8bog/image/upload/v1753872500/qoti2wgnzs3oca0nepaf.png
BR0009-R-11-W-14k-f-69BDE9977,https://res.cloudinary.com/dqscf8bog/image/upload/v1753872522/lwld0sh0chqmgzi68iyb.png
BR0009-PS-8x6-Y-14k-f-C5A81F763,https://res.cloudinary.com/dqscf8bog/image/upload/v1753872476/gby34mktjcytscq7unvt.png
BR0009-PS-9x6-Y-14k-f-A8628071D,https://res.cloudinary.com/dqscf8bog/image/upload/v1753872572/tdczkgh1bdzj0xdzyoj3.png
BR0009-R-6.5-Y-14k-f-C637747BF/RN,https://res.cloudinary.com/dqscf8bog/image/upload/v1753872539/yr2x7nzgbzzqkebws8gr.png
BR0009-R-8-Y-14k-f-CEFA284D0,https://res.cloudinary.com/dqscf8bog/image/upload/v1753872528/o4uyykfzz9xwgkagdecg.png
BR0009-R-9.4-Y-14k-f-0B24FE974,https://res.cloudinary.com/dqscf8bog/image/upload/v1753872602/bprpi448lkdhcbixwqui.png
BR0009-R-10-Y-14k-f-02989AC97,https://res.cloudinary.com/dqscf8bog/image/upload/v1753872524/ikdgrnmgwyl2ippnqeub.png
BR0009-R-11-Y-14k-f-69BDE9977,https://res.cloudinary.com/dqscf8bog/image/upload/v1753872541/nhrsdeiazqaehdhetf5v.png
BR0009-R-6.5-R-18k-f-C637747BF/RN,https://res.cloudinary.com/dqscf8bog/image/upload/v1753872429/mhjk8znebn37mpr6nssi.png
BR0009-R-8-R-18k-f-CEFA284D0,https://res.cloudinary.com/dqscf8bog/image/upload/v1753872575/ht32evamoyfetlu8ccsz.png
BR0009-R-9.4-R-18k-f-0B24FE974,https://res.cloudinary.com/dqscf8bog/image/upload/v1753872444/v2y3mjkxu7dotqsbxytf.png
BR0009-R-10-R-18k-f-02989AC97,https://res.cloudinary.com/dqscf8bog/image/upload/v1753872573/odi9aums1q3hv6we3mwb.png
BR0009-R-11-R-18k-f-69BDE9977,https://res.cloudinary.com/dqscf8bog/image/upload/v1753872505/koqre7nino5spt8oypeg.png
BR0009-PS-8x6-W-18k-f-C5A81F763,https://res.cloudinary.com/dqscf8bog/image/upload/v1753872591/pjzntgaevuxxn322psmu.png
BR0009-PS-9x6-W-18k-f-A8628071D,https://res.cloudinary.com/dqscf8bog/image/upload/v1753872608/fglwqzvyo3yw9cwlq1mn.png
BR0009-R-6.5-W-18k-f-C637747BF/RN,https://res.cloudinary.com/dqscf8bog/image/upload/v1753872594/fblouysf4kgnh0qm5mhs.png
BR0009-R-8-W-18k-f-CEFA284D0,https://res.cloudinary.com/dqscf8bog/image/upload/v1753872442/lunp4kv2jbwaksp79fzb.png
BR0009-R-9.4-W-18k-f-0B24FE974,https://res.cloudinary.com/dqscf8bog/image/upload/v1753872553/zdygn6xn95e2xgotkxda.png
BR0009-R-10-W-18k-f-02989AC97,https://res.cloudinary.com/dqscf8bog/image/upload/v1753872500/qoti2wgnzs3oca0nepaf.png
BR0009-R-11-W-18k-f-69BDE9977,https://res.cloudinary.com/dqscf8bog/image/upload/v1753872522/lwld0sh0chqmgzi68iyb.png
BR0009-PS-8x6-Y-18k-f-C5A81F763,https://res.cloudinary.com/dqscf8bog/image/upload/v1753872476/gby34mktjcytscq7unvt.png
BR0009-PS-9x6-Y-18k-f-A8628071D,https://res.cloudinary.com/dqscf8bog/image/upload/v1753872572/tdczkgh1bdzj0xdzyoj3.png
BR0009-R-6.5-Y-18k-f-C637747BF/RN,https://res.cloudinary.com/dqscf8bog/image/upload/v1753872539/yr2x7nzgbzzqkebws8gr.png
BR0009-R-8-Y-18k-f-CEFA284D0,https://res.cloudinary.com/dqscf8bog/image/upload/v1753872528/o4uyykfzz9xwgkagdecg.png
BR0009-R-9.4-Y-18k-f-0B24FE974,https://res.cloudinary.com/dqscf8bog/image/upload/v1753872602/bprpi448lkdhcbixwqui.png
BR0009-R-10-Y-18k-f-02989AC97,https://res.cloudinary.com/dqscf8bog/image/upload/v1753872524/ikdgrnmgwyl2ippnqeub.png
BR0009-R-11-Y-18k-f-69BDE9977,https://res.cloudinary.com/dqscf8bog/image/upload/v1753872541/nhrsdeiazqaehdhetf5v.png
BR0009-PS-8x6-P-f-C5A81F763,https://res.cloudinary.com/dqscf8bog/image/upload/v1753872591/pjzntgaevuxxn322psmu.png
BR0009-PS-9x6-P-f-A8628071D,https://res.cloudinary.com/dqscf8bog/image/upload/v1753872608/fglwqzvyo3yw9cwlq1mn.png
BR0009-PS-10x7-P-f-A8628071D,https://res.cloudinary.com/dqscf8bog/image/upload/v1753872613/bgv7jxnctb5nf733uivm.png
BR0009-R-6.5-P-f-C637747BF/RN,https://res.cloudinary.com/dqscf8bog/image/upload/v1753872594/fblouysf4kgnh0qm5mhs.png
BR0009-R-8-P-f-CEFA284D0,https://res.cloudinary.com/dqscf8bog/image/upload/v1753872442/lunp4kv2jbwaksp79fzb.png
BR0009-R-9.4-P-f-0B24FE974,https://res.cloudinary.com/dqscf8bog/image/upload/v1753872553/zdygn6xn95e2xgotkxda.png
BR0009-R-10-P-f-02989AC97,https://res.cloudinary.com/dqscf8bog/image/upload/v1753872500/qoti2wgnzs3oca0nepaf.png
BR0009-R-11-P-f-69BDE9977,https://res.cloudinary.com/dqscf8bog/image/upload/v1753872522/lwld0sh0chqmgzi68iyb.png
BR0010-R-1CTW-W-14K-f-C637747BF/RN,https://res.cloudinary.com/dqscf8bog/image/upload/v1753870874/iztjxu5zjl4avlhvd8ur.png
BR0010-R-2CTW-W-14K-f-CEFA284D0,https://res.cloudinary.com/dqscf8bog/image/upload/v1753870866/cbqyxrxkpofh6obvtuku.png
BR0010-R-1CTW-Y-14K-f-C637747BF/RN,https://res.cloudinary.com/dqscf8bog/image/upload/v1753870853/yejn9hewqotwhroyfo1e.png
BR0010-R-2CTW-Y-14K-f-CEFA284D0,https://res.cloudinary.com/dqscf8bog/image/upload/v1753870834/mp3enlc9sen3atygxrmt.png
BR0010-R-1CTW-R-14K-f-C637747BF/RN,https://res.cloudinary.com/dqscf8bog/image/upload/v1753870847/lhknzorivx0mqsw928kf.png
BR0010-R-2CTW-R-14K-f-CEFA284D0,https://res.cloudinary.com/dqscf8bog/image/upload/v1753870882/dct6ue0sknos9ypxeazi.png
BR0010-R-1CTW-W-18K-f-C637747BF/RN,https://res.cloudinary.com/dqscf8bog/image/upload/v1753870874/iztjxu5zjl4avlhvd8ur.png
BR0010-R-2CTW-W-18K-f-CEFA284D0,https://res.cloudinary.com/dqscf8bog/image/upload/v1753870866/cbqyxrxkpofh6obvtuku.png
BR0010-R-1CTW-Y-18K-f-C637747BF/RN,https://res.cloudinary.com/dqscf8bog/image/upload/v1753870853/yejn9hewqotwhroyfo1e.png
BR0010-R-2CTW-Y-18K-f-CEFA284D0,https://res.cloudinary.com/dqscf8bog/image/upload/v1753870834/mp3enlc9sen3atygxrmt.png
BR0010-R-1CTW-R-18K-f-C637747BF/RN,https://res.cloudinary.com/dqscf8bog/image/upload/v1753870847/lhknzorivx0mqsw928kf.png
BR0010-R-2CTW-R-18K-f-CEFA284D0,https://res.cloudinary.com/dqscf8bog/image/upload/v1753870882/dct6ue0sknos9ypxeazi.png
BR0010-R-1CTW-P-f-C637747BF/RN,https://res.cloudinary.com/dqscf8bog/image/upload/v1753870874/iztjxu5zjl4avlhvd8ur.png
BR0010-R-2CTW-P-f-CEFA284D0,https://res.cloudinary.com/dqscf8bog/image/upload/v1753870866/cbqyxrxkpofh6obvtuku.png
BR0010-R-1CTW-P-f-C637747BF/RN,https://res.cloudinary.com/dqscf8bog/image/upload/v1753870874/iztjxu5zjl4avlhvd8ur.png
BR0010-R-2CTW-P-f-CEFA284D0,https://res.cloudinary.com/dqscf8bog/image/upload/v1753870866/cbqyxrxkpofh6obvtuku.png
BR0010-R-1CTW-P-f-C637747BF/RN,https://res.cloudinary.com/dqscf8bog/image/upload/v1753870874/iztjxu5zjl4avlhvd8ur.png
BR0010-R-2CTW-P-f-CEFA284D0,https://res.cloudinary.com/dqscf8bog/image/upload/v1753870866/cbqyxrxkpofh6obvtuku.png
BR0011-R-3CTW-W-14K-f-0B24FE974,https://res.cloudinary.com/dqscf8bog/image/upload/v1753871540/rptgvublhjglndcigjie.png
BR0011-R-4CTW-W-14K-f-02989AC97,https://res.cloudinary.com/dqscf8bog/image/upload/v1753871551/rsgq28epdbcpsnufcbjn.png
BR0011-R-1CTW-W-14K-f-C637747BF/RN,https://res.cloudinary.com/dqscf8bog/image/upload/v1753871564/txbjt1f3bfvnvwkbxo1j.png
BR0011-R-2CTW-W-14K-f-CEFA284D0,https://res.cloudinary.com/dqscf8bog/image/upload/v1753871615/fonsoy8b4lrvsiw8v1ls.png
BR0011-R-3CTW-Y-14K-f-0B24FE974,https://res.cloudinary.com/dqscf8bog/image/upload/v1753871560/aizvt6izyr6ohzjm0334.png
BR0011-R-4CTW-Y-14K-f-02989AC97,https://res.cloudinary.com/dqscf8bog/image/upload/v1753871596/sjjretmotfecknrjykcm.png
BR0011-R-1CTW-Y-14K-f-C637747BF/RN,https://res.cloudinary.com/dqscf8bog/image/upload/v1753871618/kfserbz3abn09sqn6ltt.png
BR0011-R-2CTW-Y-14K-f-CEFA284D0,https://res.cloudinary.com/dqscf8bog/image/upload/v1753871535/ipzqwzrgt1h0uefr3mt6.png
BR0011-R-3CTW-R-14K-f-0B24FE974,https://res.cloudinary.com/dqscf8bog/image/upload/v1753871546/lcoyxxuaqnhkbdbhqrit.png
BR0011-R-4CTW-R-14K-f-02989AC97,https://res.cloudinary.com/dqscf8bog/image/upload/v1753871603/j0f3akileh7htocgv1py.png
BR0011-R-1CTW-R-14K-f-C637747BF/RN,https://res.cloudinary.com/dqscf8bog/image/upload/v1753871614/gkkmfywqexjpgamo2gyj.png
BR0011-R-2CTW-R-14K-f-CEFA284D0,https://res.cloudinary.com/dqscf8bog/image/upload/v1753871606/zja5uega2xmml58tevja.png
BR0011-R-3CTW-W-18K-f-0B24FE974,https://res.cloudinary.com/dqscf8bog/image/upload/v1753871540/rptgvublhjglndcigjie.png
BR0011-R-4CTW-W-18K-f-02989AC97,https://res.cloudinary.com/dqscf8bog/image/upload/v1753871551/rsgq28epdbcpsnufcbjn.png
BR0011-R-1CTW-W-18K-f-C637747BF/RN,https://res.cloudinary.com/dqscf8bog/image/upload/v1753871564/txbjt1f3bfvnvwkbxo1j.png
BR0011-R-2CTW-W-18K-f-CEFA284D0,https://res.cloudinary.com/dqscf8bog/image/upload/v1753871615/fonsoy8b4lrvsiw8v1ls.png
BR0011-R-3CTW-Y-18K-f-0B24FE974,https://res.cloudinary.com/dqscf8bog/image/upload/v1753871540/rptgvublhjglndcigjie.png
BR0011-R-4CTW-Y-18K-f-02989AC97,https://res.cloudinary.com/dqscf8bog/image/upload/v1753871596/sjjretmotfecknrjykcm.png
BR0011-R-1CTW-Y-18K-f-C637747BF/RN,https://res.cloudinary.com/dqscf8bog/image/upload/v1753871618/kfserbz3abn09sqn6ltt.png
BR0011-R-2CTW-Y-18K-f-CEFA284D0,https://res.cloudinary.com/dqscf8bog/image/upload/v1753871535/ipzqwzrgt1h0uefr3mt6.png
BR0011-R-3CTW-R-18K-f-0B24FE974,https://res.cloudinary.com/dqscf8bog/image/upload/v1753871546/lcoyxxuaqnhkbdbhqrit.png
BR0011-R-4CTW-R-18K-f-02989AC97,https://res.cloudinary.com/dqscf8bog/image/upload/v1753871603/j0f3akileh7htocgv1py.png
BR0011-R-1CTW-R-18K-f-C637747BF/RN,https://res.cloudinary.com/dqscf8bog/image/upload/v1753871614/gkkmfywqexjpgamo2gyj.png
BR0011-R-2CTW-R-18K-f-CEFA284D0,https://res.cloudinary.com/dqscf8bog/image/upload/v1753871606/zja5uega2xmml58tevja.png
BR0011-R-3CTW-P-f-0B24FE974,https://res.cloudinary.com/dqscf8bog/image/upload/v1753871540/rptgvublhjglndcigjie.png
BR0011-R-4CTW-P-f-02989AC97,https://res.cloudinary.com/dqscf8bog/image/upload/v1753871551/rsgq28epdbcpsnufcbjn.png
BR0011-R-1CTW-P-f-C637747BF/RN,https://res.cloudinary.com/dqscf8bog/image/upload/v1753871564/txbjt1f3bfvnvwkbxo1j.png
BR0011-R-2CTW-P-f-CEFA284D0,https://res.cloudinary.com/dqscf8bog/image/upload/v1753871615/fonsoy8b4lrvsiw8v1ls.png
BR0011-R-3CTW-P-f-0B24FE974,https://res.cloudinary.com/dqscf8bog/image/upload/v1753871540/rptgvublhjglndcigjie.png
BR0011-R-4CTW-P-f-02989AC97,https://res.cloudinary.com/dqscf8bog/image/upload/v1753871551/rsgq28epdbcpsnufcbjn.png
BR0011-R-1CTW-P-f-C637747BF/RN,https://res.cloudinary.com/dqscf8bog/image/upload/v1753871564/txbjt1f3bfvnvwkbxo1j.png
BR0011-R-2CTW-P-f-CEFA284D0,https://res.cloudinary.com/dqscf8bog/image/upload/v1753871615/fonsoy8b4lrvsiw8v1ls.png
BR0011-R-3CTW-P-f-0B24FE974,https://res.cloudinary.com/dqscf8bog/image/upload/v1753871540/rptgvublhjglndcigjie.png
BR0011-R-4CTW-P-f-02989AC97,https://res.cloudinary.com/dqscf8bog/image/upload/v1753871551/rsgq28epdbcpsnufcbjn.png
BR0011-R-1CTW-P-f-C637747BF/RN,https://res.cloudinary.com/dqscf8bog/image/upload/v1753871564/txbjt1f3bfvnvwkbxo1j.png
BR0011-R-2CTW-P-f-CEFA284D0,https://res.cloudinary.com/dqscf8bog/image/upload/v1753871615/fonsoy8b4lrvsiw8v1ls.png
BR0012-R-3CTW-W-14K-f-0B24FE974,https://res.cloudinary.com/dqscf8bog/image/upload/v1753872100/wcrf6b5ikdj0m1ctzwvb.png
BR0012-R-1CTW-W-14K-f-C637747BF/RN,https://res.cloudinary.com/dqscf8bog/image/upload/v1753872097/q52rhbpe7wc1dscfjpcd.png
BR0012-R-2CTW-W-14K-f-CEFA284D0,https://res.cloudinary.com/dqscf8bog/image/upload/v1753872103/woal1aejljmfywkwyqfr.png
BR0012-R-3CTW-Y-14K-f-0B24FE974,https://res.cloudinary.com/dqscf8bog/image/upload/v1753872083/wlder1ppdyiztvadiedp.png
BR0012-R-1CTW-Y-14K-f-C637747BF/RN,https://res.cloudinary.com/dqscf8bog/image/upload/v1753872110/ooq8wl9hjmqdsz83mnsf.png
BR0012-R-2CTW-Y-14K-f-CEFA284D0,https://res.cloudinary.com/dqscf8bog/image/upload/v1753872089/qgh2h4l2ksuy9tlzmc1l.png
BR0012-R-3CTW-R-14K-f-0B24FE974,https://res.cloudinary.com/dqscf8bog/image/upload/v1753872125/wrhvnrssnazqhsnmwqkt.png
BR0012-R-1CTW-R-14K-f-C637747BF/RN,https://res.cloudinary.com/dqscf8bog/image/upload/v1753872085/nbbqj7dez3ixeijlglcv.png
BR0012-R-2CTW-R-14K-f-CEFA284D0,https://res.cloudinary.com/dqscf8bog/image/upload/v1753872102/opld6p9v7ai6pc05qrsj.png
BR0012-R-3CTW-W-18K-f-0B24FE974,https://res.cloudinary.com/dqscf8bog/image/upload/v1753872100/wcrf6b5ikdj0m1ctzwvb.png
BR0012-R-1CTW-W-18K-f-C637747BF/RN,https://res.cloudinary.com/dqscf8bog/image/upload/v1753872097/q52rhbpe7wc1dscfjpcd.png
BR0012-R-2CTW-W-18K-f-CEFA284D0,https://res.cloudinary.com/dqscf8bog/image/upload/v1753872103/woal1aejljmfywkwyqfr.png
BR0012-R-3CTW-Y-18K-f-0B24FE974,https://res.cloudinary.com/dqscf8bog/image/upload/v1753872083/wlder1ppdyiztvadiedp.png
BR0012-R-1CTW-Y-18K-f-C637747BF/RN,https://res.cloudinary.com/dqscf8bog/image/upload/v1753872110/ooq8wl9hjmqdsz83mnsf.png
BR0012-R-2CTW-Y-18K-f-CEFA284D0,https://res.cloudinary.com/dqscf8bog/image/upload/v1753872089/qgh2h4l2ksuy9tlzmc1l.png
BR0012-R-3CTW-R-18K-f-0B24FE974,https://res.cloudinary.com/dqscf8bog/image/upload/v1753872125/wrhvnrssnazqhsnmwqkt.png
BR0012-R-1CTW-R-18K-f-C637747BF/RN,https://res.cloudinary.com/dqscf8bog/image/upload/v1753872085/nbbqj7dez3ixeijlglcv.png
BR0012-R-2CTW-R-18K-f-CEFA284D0,https://res.cloudinary.com/dqscf8bog/image/upload/v1753872102/opld6p9v7ai6pc05qrsj.png
BR0012-R-3CTW-P-f-0B24FE974,https://res.cloudinary.com/dqscf8bog/image/upload/v1753872100/wcrf6b5ikdj0m1ctzwvb.png
BR0012-R-1CTW-P-f-C637747BF/RN,https://res.cloudinary.com/dqscf8bog/image/upload/v1753872097/q52rhbpe7wc1dscfjpcd.png
BR0012-R-2CTW-P-f-CEFA284D0,https://res.cloudinary.com/dqscf8bog/image/upload/v1753872103/woal1aejljmfywkwyqfr.png
BR0012-R-3CTW-P-f-0B24FE974,https://res.cloudinary.com/dqscf8bog/image/upload/v1753872100/wcrf6b5ikdj0m1ctzwvb.png
BR0012-R-1CTW-P-f-C637747BF/RN,https://res.cloudinary.com/dqscf8bog/image/upload/v1753872097/q52rhbpe7wc1dscfjpcd.png
BR0012-R-2CTW-P-f-CEFA284D0,https://res.cloudinary.com/dqscf8bog/image/upload/v1753872103/woal1aejljmfywkwyqfr.png
BR0012-R-3CTW-P-f-0B24FE974,https://res.cloudinary.com/dqscf8bog/image/upload/v1753872100/wcrf6b5ikdj0m1ctzwvb.png
BR0012-R-1CTW-P-f-C637747BF/RN,https://res.cloudinary.com/dqscf8bog/image/upload/v1753872097/q52rhbpe7wc1dscfjpcd.png
BR0012-R-2CTW-P-f-CEFA284D0,https://res.cloudinary.com/dqscf8bog/image/upload/v1753872103/woal1aejljmfywkwyqfr.png
BR0013-R-3CTW-W-14K-f-0B24FE974,https://res.cloudinary.com/dqscf8bog/image/upload/v1753870078/tpsrknhboax1gvi1c30u.png
BR0013-R-4CTW-W-14K-f-02989AC97,https://res.cloudinary.com/dqscf8bog/image/upload/v1753870104/jhmvmjiz9wlfgggublho.png
BR0013-R-1CTW-W-14K-f-C637747BF/RN,https://res.cloudinary.com/dqscf8bog/image/upload/v1753870094/ggvlip2yevrit1gbeppz.png
BR0013-R-2CTW-W-14K-f-CEFA284D0,https://res.cloudinary.com/dqscf8bog/image/upload/v1753870099/o8pjrhif6br0q9ehl2y7.png
BR0013-M-5CTW-W-14K-f-635C19028,https://res.cloudinary.com/dqscf8bog/image/upload/v1753870097/vazppscva2qgaiwzmjgw.png
BR0013-M-4CTW-W-14K-f-AF97F8274,https://res.cloudinary.com/dqscf8bog/image/upload/v1753870127/icjpyqxt1v47okr7lruz.png
BR0013-M-2CTW-W-14K-f-A845D3662,https://res.cloudinary.com/dqscf8bog/image/upload/v1753870125/qhqgfr3pdg5dn8uinrhd.png
BR0013-R-3CTW-Y-14K-f-0B24FE974,https://res.cloudinary.com/dqscf8bog/image/upload/v1753870124/w9pdwyxutabrmbv2tsww.png
BR0013-R-4CTW-Y-14K-f-02989AC97,https://res.cloudinary.com/dqscf8bog/image/upload/v1753870089/gvtr5bcxj8v2reffsw5s.png
BR0013-R-1CTW-Y-14K-f-C637747BF/RN,https://res.cloudinary.com/dqscf8bog/image/upload/v1753870062/gfr3ft9yifwwn62uhzxi.png
BR0013-R-2CTW-Y-14K-f-CEFA284D0,https://res.cloudinary.com/dqscf8bog/image/upload/v1753870055/ils2o6puydyqfowcrozh.png
BR0013-M-5CTW-Y-14K-f-635C19028,https://res.cloudinary.com/dqscf8bog/image/upload/v1753870051/hs0gch1telzd9lxczvdl.png
BR0013-M-4CTW-Y-14K-f-AF97F8274,https://res.cloudinary.com/dqscf8bog/image/upload/v1753870086/asdldd6ql0sia0ljeen8.png
BR0013-M-2CTW-Y-14K-f-A845D3662,https://res.cloudinary.com/dqscf8bog/image/upload/v1753870066/jho5lkeaaekut9ihr2xp.png
BR0013-R-3CTW-R-14K-f-0B24FE974,https://res.cloudinary.com/dqscf8bog/image/upload/v1753870075/zwn93wvljjzfga8yw5zg.png
BR0013-R-4CTW-R-14K-f-02989AC97,https://res.cloudinary.com/dqscf8bog/image/upload/v1753870117/qxoy0ibpgcodzcz961x0.png
BR0013-R-1CTW-R-14K-f-C637747BF/RN,https://res.cloudinary.com/dqscf8bog/image/upload/v1753870113/dg6gjua3xvxxfj0lvbw1.png
BR0013-R-2CTW-R-14K-f-CEFA284D0,https://res.cloudinary.com/dqscf8bog/image/upload/v1753870046/ujbrlyfb4spa9syo7ov0.png
BR0013-M-5CTW-R-14K-f-635C19028,https://res.cloudinary.com/dqscf8bog/image/upload/v1753870069/dlgjcfwlucipciv0ws3w.png
BR0013-M-4CTW-R-14K-f-AF97F8274,https://res.cloudinary.com/dqscf8bog/image/upload/v1753870084/nd6xw9n2i6hscvzqyf64.png
BR0013-M-2CTW-R-14K-f-A845D3662,https://res.cloudinary.com/dqscf8bog/image/upload/v1753870080/jco6atskruwi5mgq2wxb.png
BR0013-R-3CTW-W-18K-f-0B24FE974,https://res.cloudinary.com/dqscf8bog/image/upload/v1753870078/tpsrknhboax1gvi1c30u.png
BR0013-R-4CTW-W-18K-f-02989AC97,https://res.cloudinary.com/dqscf8bog/image/upload/v1753870104/jhmvmjiz9wlfgggublho.png
BR0013-R-1CTW-W-18K-f-C637747BF/RN,https://res.cloudinary.com/dqscf8bog/image/upload/v1753870094/ggvlip2yevrit1gbeppz.png
BR0013-R-2CTW-W-18K-f-CEFA284D0,https://res.cloudinary.com/dqscf8bog/image/upload/v1753870099/o8pjrhif6br0q9ehl2y7.png
BR0013-M-5CTW-W-18K-f-635C19028,https://res.cloudinary.com/dqscf8bog/image/upload/v1753870097/vazppscva2qgaiwzmjgw.png
BR0013-M-4CTW-W-18K-f-AF97F8274,https://res.cloudinary.com/dqscf8bog/image/upload/v1753870127/icjpyqxt1v47okr7lruz.png
BR0013-M-2CTW-W-18K-f-A845D3662,https://res.cloudinary.com/dqscf8bog/image/upload/v1753870125/qhqgfr3pdg5dn8uinrhd.png
BR0013-R-3CTW-Y-18K-f-0B24FE974,https://res.cloudinary.com/dqscf8bog/image/upload/v1753870124/w9pdwyxutabrmbv2tsww.png
BR0013-R-4CTW-Y-18K-f-02989AC97,https://res.cloudinary.com/dqscf8bog/image/upload/v1753870089/gvtr5bcxj8v2reffsw5s.png
BR0013-R-1CTW-Y-18K-f-C637747BF/RN,https://res.cloudinary.com/dqscf8bog/image/upload/v1753870062/gfr3ft9yifwwn62uhzxi.png
BR0013-R-2CTW-Y-18K-f-CEFA284D0,https://res.cloudinary.com/dqscf8bog/image/upload/v1753870055/ils2o6puydyqfowcrozh.png
BR0013-M-5CTW-Y-18K-f-635C19028,https://res.cloudinary.com/dqscf8bog/image/upload/v1753870051/hs0gch1telzd9lxczvdl.png
BR0013-M-4CTW-Y-18K-f-AF97F8274,https://res.cloudinary.com/dqscf8bog/image/upload/v1753870086/asdldd6ql0sia0ljeen8.png
BR0013-M-2CTW-Y-18K-f-A845D3662,https://res.cloudinary.com/dqscf8bog/image/upload/v1753870066/jho5lkeaaekut9ihr2xp.png
BR0013-R-3CTW-R-18K-f-0B24FE974,https://res.cloudinary.com/dqscf8bog/image/upload/v1753870075/zwn93wvljjzfga8yw5zg.png
BR0013-R-4CTW-R-18K-f-02989AC97,https://res.cloudinary.com/dqscf8bog/image/upload/v1753870117/qxoy0ibpgcodzcz961x0.png
BR0013-R-1CTW-R-18K-f-C637747BF/RN,https://res.cloudinary.com/dqscf8bog/image/upload/v1753870113/dg6gjua3xvxxfj0lvbw1.png
BR0013-R-2CTW-R-18K-f-CEFA284D0,https://res.cloudinary.com/dqscf8bog/image/upload/v1753870046/ujbrlyfb4spa9syo7ov0.png
BR0013-M-5CTW-R-18K-f-635C19028,https://res.cloudinary.com/dqscf8bog/image/upload/v1753870069/dlgjcfwlucipciv0ws3w.png
BR0013-M-4CTW-R-18K-f-AF97F8274,https://res.cloudinary.com/dqscf8bog/image/upload/v1753870084/nd6xw9n2i6hscvzqyf64.png
BR0013-M-2CTW-R-18K-f-A845D3662,https://res.cloudinary.com/dqscf8bog/image/upload/v1753870080/jco6atskruwi5mgq2wxb.png
BR0013-R-3CTW-P-f-0B24FE974,https://res.cloudinary.com/dqscf8bog/image/upload/v1753870078/tpsrknhboax1gvi1c30u.png
BR0013-R-4CTW-P-f-02989AC97,https://res.cloudinary.com/dqscf8bog/image/upload/v1753870104/jhmvmjiz9wlfgggublho.png
BR0013-R-1CTW-P-f-C637747BF/RN,https://res.cloudinary.com/dqscf8bog/image/upload/v1753870094/ggvlip2yevrit1gbeppz.png
BR0013-R-2CTW-P-f-CEFA284D0,https://res.cloudinary.com/dqscf8bog/image/upload/v1753870099/o8pjrhif6br0q9ehl2y7.png
BR0013-M-5CTW-P-f-635C19028,https://res.cloudinary.com/dqscf8bog/image/upload/v1753870097/vazppscva2qgaiwzmjgw.png
BR0013-M-4CTW-P-f-AF97F8274,https://res.cloudinary.com/dqscf8bog/image/upload/v1753870127/icjpyqxt1v47okr7lruz.png
BR0013-M-2CTW-P-f-A845D3662,https://res.cloudinary.com/dqscf8bog/image/upload/v1753870125/qhqgfr3pdg5dn8uinrhd.png
BR0013-R-3CTW-P-f-0B24FE974,https://res.cloudinary.com/dqscf8bog/image/upload/v1753870078/tpsrknhboax1gvi1c30u.png
BR0013-R-4CTW-P-f-02989AC97,https://res.cloudinary.com/dqscf8bog/image/upload/v1753870104/jhmvmjiz9wlfgggublho.png
BR0013-R-1CTW-P-f-C637747BF/RN,https://res.cloudinary.com/dqscf8bog/image/upload/v1753870094/ggvlip2yevrit1gbeppz.png
BR0013-R-2CTW-P-f-CEFA284D0,https://res.cloudinary.com/dqscf8bog/image/upload/v1753870099/o8pjrhif6br0q9ehl2y7.png
BR0013-M-5CTW-P-f-635C19028,https://res.cloudinary.com/dqscf8bog/image/upload/v1753870097/vazppscva2qgaiwzmjgw.png
BR0013-M-4CTW-P-f-AF97F8274,https://res.cloudinary.com/dqscf8bog/image/upload/v1753870127/icjpyqxt1v47okr7lruz.png
BR0013-M-2CTW-P-f-A845D3662,https://res.cloudinary.com/dqscf8bog/image/upload/v1753870125/qhqgfr3pdg5dn8uinrhd.png
BR0013-R-3CTW-P-f-0B24FE974,https://res.cloudinary.com/dqscf8bog/image/upload/v1753870078/tpsrknhboax1gvi1c30u.png
BR0013-R-4CTW-P-f-02989AC97,https://res.cloudinary.com/dqscf8bog/image/upload/v1753870104/jhmvmjiz9wlfgggublho.png
BR0013-R-1CTW-P-f-C637747BF/RN,https://res.cloudinary.com/dqscf8bog/image/upload/v1753870094/ggvlip2yevrit1gbeppz.png
BR0013-R-2CTW-P-f-CEFA284D0,https://res.cloudinary.com/dqscf8bog/image/upload/v1753870099/o8pjrhif6br0q9ehl2y7.png
BR0013-M-5CTW-P-f-635C19028,https://res.cloudinary.com/dqscf8bog/image/upload/v1753870097/vazppscva2qgaiwzmjgw.png
BR0013-M-4CTW-P-f-AF97F8274,https://res.cloudinary.com/dqscf8bog/image/upload/v1753870127/icjpyqxt1v47okr7lruz.png
BR0013-M-2CTW-P-f-A845D3662,https://res.cloudinary.com/dqscf8bog/image/upload/v1753870125/qhqgfr3pdg5dn8uinrhd.png
BR0015-R-6.5-W-14K-f-C637747BF/RN,
BR0015-R-8.0-W-14K-f-CEFA284D0,
BR0015-R-6.5-Y-14K-f-C637747BF/RN,
BR0015-R-8.0-Y-14K-f-CEFA284D0,
BR0015-R-6.5-R-14K-f-C637747BF/RN,
BR0015-R-8.0-R-14K-f-CEFA284D0,
BR0015-R-6.5-W-18K-f-C637747BF/RN,
BR0015-R-8.0-W-18K-f-CEFA284D0,
BR0015-PS-9x6-W-18K-f-A8628071D,https://res.cloudinary.com/dqscf8bog/image/upload/v1753871977/ipfazcmlijkw88iom1h9.png
BR0015-R-6.5-Y-18K-f-C637747BF/RN,
BR0015-R-8.0-Y-18K-f-CEFA284D0,
BR0015-PS-9x6-Y-18K-f-A8628071D,https://res.cloudinary.com/dqscf8bog/image/upload/v1753871984/hpwsgfezb5mflwnmo08y.png
BR0015-R-6.5-R-18K-f-C637747BF/RN,
BR0015-R-8.0-R-18K-f-CEFA284D0,
BR0015-R-6.5-P-f-C637747BF/RN,
BR0015-R-8.0-P-f-CEFA284D0,
BR0015-PS-9x6-P-f-A8628071D,https://res.cloudinary.com/dqscf8bog/image/upload/v1753871977/ipfazcmlijkw88iom1h9.png
BR0015-R-6.5-P-f-C637747BF/RN,
BR0015-R-8.0-P-f-CEFA284D0,
BR0015-PS-9x6-P-f-A8628071D,https://res.cloudinary.com/dqscf8bog/image/upload/v1753871977/ipfazcmlijkw88iom1h9.png
BR0015-R-6.5-P-f-C637747BF/RN,
BR0015-R-8.0-P-f-CEFA284D0,
BR0015-PS-9x6-P-f-A8628071D,https://res.cloudinary.com/dqscf8bog/image/upload/v1753871977/ipfazcmlijkw88iom1h9.png
BR0016-R-6.5-W-14K-f-C637747BF/RN,https://res.cloudinary.com/dqscf8bog/image/upload/v1753870324/i4j6iyycpfu1nzesxdvc.png
BR0016-R-8.0-W-14K-f-CEFA284D0,https://res.cloudinary.com/dqscf8bog/image/upload/v1753870320/tbbzpk8sozlhudfv1qtk.png
BR0016-R-6.5-Y-14K-f-C637747BF/RN,https://res.cloudinary.com/dqscf8bog/image/upload/v1753870351/sfcjxl0vve9ntkbks0yt.png
BR0016-R-8.0-Y-14K-f-CEFA284D0,https://res.cloudinary.com/dqscf8bog/image/upload/v1753870317/swiilvzyvvhxhqabpfjg.png
BR0016-R-6.5-R-14K-f-C637747BF/RN,https://res.cloudinary.com/dqscf8bog/image/upload/v1753870314/aobn1efe4y51efrfgtgb.png
BR0016-R-8.0-R-14K-f-CEFA284D0,https://res.cloudinary.com/dqscf8bog/image/upload/v1753870319/jzsnlf5yzq1ymuqhdfem.png
BR0016-R-6.5-W-18K-f-C637747BF/RN,https://res.cloudinary.com/dqscf8bog/image/upload/v1753870324/i4j6iyycpfu1nzesxdvc.png
BR0016-R-8.0-W-18K-f-CEFA284D0,https://res.cloudinary.com/dqscf8bog/image/upload/v1753870320/tbbzpk8sozlhudfv1qtk.png
BR0016-R-6.5-Y-18K-f-C637747BF/RN,https://res.cloudinary.com/dqscf8bog/image/upload/v1753870351/sfcjxl0vve9ntkbks0yt.png
BR0016-R-8.0-Y-18K-f-CEFA284D0,https://res.cloudinary.com/dqscf8bog/image/upload/v1753870317/swiilvzyvvhxhqabpfjg.png
BR0016-R-6.5-R-18K-f-C637747BF/RN,https://res.cloudinary.com/dqscf8bog/image/upload/v1753870314/aobn1efe4y51efrfgtgb.png
BR0016-R-8.0-R-18K-f-CEFA284D0,https://res.cloudinary.com/dqscf8bog/image/upload/v1753870319/jzsnlf5yzq1ymuqhdfem.png
BR0016-R-6.5-P-f-C637747BF/RN,https://res.cloudinary.com/dqscf8bog/image/upload/v1753870324/i4j6iyycpfu1nzesxdvc.png
BR0016-R-8.0-P-f-CEFA284D0,https://res.cloudinary.com/dqscf8bog/image/upload/v1753870320/tbbzpk8sozlhudfv1qtk.png
BR0016-R-6.5-P-f-C637747BF/RN,https://res.cloudinary.com/dqscf8bog/image/upload/v1753870324/i4j6iyycpfu1nzesxdvc.png
BR0016-R-8.0-P-f-CEFA284D0,https://res.cloudinary.com/dqscf8bog/image/upload/v1753870320/tbbzpk8sozlhudfv1qtk.png
BR0016-R-6.5-P-f-C637747BF/RN,https://res.cloudinary.com/dqscf8bog/image/upload/v1753870324/i4j6iyycpfu1nzesxdvc.png
BR0016-R-8.0-P-f-CEFA284D0,https://res.cloudinary.com/dqscf8bog/image/upload/v1753870320/tbbzpk8sozlhudfv1qtk.png
BR0017-R-6.5-W-14K-f-C637747BF/RN,https://res.cloudinary.com/dqscf8bog/image/upload/v1753870626/lfncibbamhat8vweezdf.png
BR0017-R-8.0-W-14K-f-CEFA284D0,https://res.cloudinary.com/dqscf8bog/image/upload/v1753870634/pwujkgwpng7svjfousn1.png
BR0017-R-6.5-Y-14K-f-C637747BF/RN,https://res.cloudinary.com/dqscf8bog/image/upload/v1753870628/faazdfhh0nwensxlhvpk.png
BR0017-R-8.0-Y-14K-f-CEFA284D0,https://res.cloudinary.com/dqscf8bog/image/upload/v1753870631/silocyqux1e3spz78pl5.png
BR0017-R-6.5-R-14K-f-C637747BF/RN,https://res.cloudinary.com/dqscf8bog/image/upload/v1753870636/fkjjsslitnn2zec7fjri.png
BR0017-R-8.0-R-14K-f-CEFA284D0,https://res.cloudinary.com/dqscf8bog/image/upload/v1753870639/ujatpx5bstwiz563gv0a.png
BR0017-R-6.5-W-18K-f-C637747BF/RN,https://res.cloudinary.com/dqscf8bog/image/upload/v1753870626/lfncibbamhat8vweezdf.png
BR0017-R-8.0-W-18K-f-CEFA284D0,https://res.cloudinary.com/dqscf8bog/image/upload/v1753870634/pwujkgwpng7svjfousn1.png
BR0017-R-6.5-Y-18K-f-C637747BF/RN,https://res.cloudinary.com/dqscf8bog/image/upload/v1753870628/faazdfhh0nwensxlhvpk.png
BR0017-R-8.0-Y-18K-f-CEFA284D0,https://res.cloudinary.com/dqscf8bog/image/upload/v1753870631/silocyqux1e3spz78pl5.png
BR0017-R-6.5-R-18K-f-C637747BF/RN,https://res.cloudinary.com/dqscf8bog/image/upload/v1753870636/fkjjsslitnn2zec7fjri.png
BR0017-R-8.0-R-18K-f-CEFA284D0,https://res.cloudinary.com/dqscf8bog/image/upload/v1753870639/ujatpx5bstwiz563gv0a.png
BR0017-R-6.5-P-f-C637747BF/RN,https://res.cloudinary.com/dqscf8bog/image/upload/v1753870626/lfncibbamhat8vweezdf.png
BR0017-R-8.0-P-f-CEFA284D0,https://res.cloudinary.com/dqscf8bog/image/upload/v1753870634/pwujkgwpng7svjfousn1.png
BR0017-R-6.5-P-f-C637747BF/RN,https://res.cloudinary.com/dqscf8bog/image/upload/v1753870626/lfncibbamhat8vweezdf.png
BR0017-R-8.0-P-f-CEFA284D0,https://res.cloudinary.com/dqscf8bog/image/upload/v1753870634/pwujkgwpng7svjfousn1.png
BR0017-R-6.5-P-f-C637747BF/RN,https://res.cloudinary.com/dqscf8bog/image/upload/v1753870634/pwujkgwpng7svjfousn1.png
BR0017-R-8.0-P-f-CEFA284D0,https://res.cloudinary.com/dqscf8bog/image/upload/v1753870634/pwujkgwpng7svjfousn1.png
BR0019-R-6.5-W-14K-f-C637747BF/RN,https://res.cloudinary.com/dqscf8bog/image/upload/v1753871196/sm6hwdhcmq468datbzcb.png
BR0019-PS-7x5-W-14K-f-C5A81F763,https://res.cloudinary.com/dqscf8bog/image/upload/v1753871192/oojrw9kzzxnx5ykug6zq.png
BR0019-R-6.5-Y-14K-f-C637747BF/RN,https://res.cloudinary.com/dqscf8bog/image/upload/v1753871186/npfppylwqigu4ttn0vfe.png
BR0019-PS-7x5-Y-14K-f-C5A81F763,https://res.cloudinary.com/dqscf8bog/image/upload/v1753871188/zttk7htxrbu9awrw1idp.png
BR0019-R-6.5-R-14K-f-C637747BF/RN,https://res.cloudinary.com/dqscf8bog/image/upload/v1753871193/dnwwf6jkdaqry1sue3mm.png
BR0019-PS-7x5-R-14K-f-C5A81F763,https://res.cloudinary.com/dqscf8bog/image/upload/v1753871191/tmkdhxy9zqgzvkazzcer.png
BR0019-R-6.5-W-18K-f-C637747BF/RN,https://res.cloudinary.com/dqscf8bog/image/upload/v1753871196/sm6hwdhcmq468datbzcb.png
BR0019-PS-7x5-W-18K-f-C5A81F763,https://res.cloudinary.com/dqscf8bog/image/upload/v1753871192/oojrw9kzzxnx5ykug6zq.png
BR0019-R-6.5-Y-18K-f-C637747BF/RN,https://res.cloudinary.com/dqscf8bog/image/upload/v1753871186/npfppylwqigu4ttn0vfe.png
BR0019-PS-7x5-Y-18K-f-C5A81F763,https://res.cloudinary.com/dqscf8bog/image/upload/v1753871188/zttk7htxrbu9awrw1idp.png
BR0019-R-6.5-R-18K-f-C637747BF/RN,https://res.cloudinary.com/dqscf8bog/image/upload/v1753871193/dnwwf6jkdaqry1sue3mm.png
BR0019-PS-7x5-R-18K-f-C5A81F763,https://res.cloudinary.com/dqscf8bog/image/upload/v1753871191/tmkdhxy9zqgzvkazzcer.png
BR0019-R-6.5-P-f-C637747BF/RN,https://res.cloudinary.com/dqscf8bog/image/upload/v1753871196/sm6hwdhcmq468datbzcb.png
BR0019-PS-7x5-P-f-C5A81F763,https://res.cloudinary.com/dqscf8bog/image/upload/v1753871192/oojrw9kzzxnx5ykug6zq.png
BR0019-R-6.5-P-f-C637747BF/RN,https://res.cloudinary.com/dqscf8bog/image/upload/v1753871196/sm6hwdhcmq468datbzcb.png
BR0019-PS-7x5-P-f-C5A81F763,https://res.cloudinary.com/dqscf8bog/image/upload/v1753871192/oojrw9kzzxnx5ykug6zq.png
BR0019-R-6.5-P-f-C637747BF/RN,https://res.cloudinary.com/dqscf8bog/image/upload/v1753871196/sm6hwdhcmq468datbzcb.png
BR0019-PS-7x5-P-f-C5A81F763,https://res.cloudinary.com/dqscf8bog/image/upload/v1753871192/oojrw9kzzxnx5ykug6zq.png
BR0020-R-9.4-W-14K-f-0B24FE974,https://res.cloudinary.com/dqscf8bog/image/upload/v1753871811/j4lrnxawiivpbeu7pmg8.png
BR0020-R-11-W-14K-f-69BDE9977,https://res.cloudinary.com/dqscf8bog/image/upload/v1753871867/fxyodbknuheusedufoem.png
BR0020-R-10-W-14K-f-02989AC97,https://res.cloudinary.com/dqscf8bog/image/upload/v1753871973/elprv9hwoacnxnspxnof.png
BR0020-R-6.5-W-14K-f-C637747BF/RN,https://res.cloudinary.com/dqscf8bog/image/upload/v1753871965/m1wxce9lwolkugbfhz2h.png
BR0020-R-8-W-14K-f-CEFA284D0,https://res.cloudinary.com/dqscf8bog/image/upload/v1753871840/tfhi3mqxmhdescbjorky.png
BR0020-PS-8X6-W-14K-f-C5A81F763,https://res.cloudinary.com/dqscf8bog/image/upload/v1753871971/bs1tqwt19s7jrl0r7oph.png
BR0020-PS-9X6-W-14K-f-A8628071D,https://res.cloudinary.com/dqscf8bog/image/upload/v1753871954/oermjorygqhattvt1iyt.png
BR0020-M-12X6-W-14K-f-A845D3662,https://res.cloudinary.com/dqscf8bog/image/upload/v1753871806/rvl1sj2retetjvn041nn.png
BR0020-R-9.4-Y-14K-f-0B24FE974,https://res.cloudinary.com/dqscf8bog/image/upload/v1753871925/c9gvjmh9njzst41ivjne.png
BR0020-R-11-Y-14K-f-69BDE9977,https://res.cloudinary.com/dqscf8bog/image/upload/v1753871836/s9w0z28z2ibdnzjjezrm.png
BR0020-R-10-Y-14K-f-02989AC97,https://res.cloudinary.com/dqscf8bog/image/upload/v1753871848/yjabl71ak8wqqxiukm32.png
BR0020-R-6.5-Y-14K-f-C637747BF/RN,https://res.cloudinary.com/dqscf8bog/image/upload/v1753871830/j09xabq4ercik4keduwc.png
BR0020-R-8-Y-14K-f-CEFA284D0,https://res.cloudinary.com/dqscf8bog/image/upload/v1753871900/nwigbvqmke6ednhrtnni.png
BR0020-PS-8X6-Y-14K-f-C5A81F763,https://res.cloudinary.com/dqscf8bog/image/upload/v1753871970/nfhom93qbqgeqbtsjfgz.png
BR0020-PS-9X6-Y-14K-f-A8628071D,https://res.cloudinary.com/dqscf8bog/image/upload/v1753871812/i96otqye2dprckq5kirx.png
BR0020-M-12X6-Y-14K-f-A845D3662,https://res.cloudinary.com/dqscf8bog/image/upload/v1753871892/wuzqgk4d7yvot5sjh5br.png
BR0020-R-9.4-R-14K-f-0B24FE974,https://res.cloudinary.com/dqscf8bog/image/upload/v1753871814/qb2jzxo6vnyt5s3knn7r.png
BR0020-R-11-R-14K-f-69BDE9977,https://res.cloudinary.com/dqscf8bog/image/upload/v1753871864/tq27nj13znwh3uwgnd2a.png
BR0020-R-10-R-14K-f-02989AC97,https://res.cloudinary.com/dqscf8bog/image/upload/v1753871955/au9pxmbgruiwvb2wrjac.png
BR0020-R-6.5-R-14K-f-C637747BF/RN,https://res.cloudinary.com/dqscf8bog/image/upload/v1753871843/cu6fzgntzrccxaeerdv0.png
BR0020-R-8-R-14K-f-CEFA284D0,https://res.cloudinary.com/dqscf8bog/image/upload/v1753871909/gy45tb7nw9qqjfzaqfnx.png
BR0020-PS-8X6-R-14K-f-C5A81F763,https://res.cloudinary.com/dqscf8bog/image/upload/v1753871918/lusvrftjmvatrmvszmuu.png
BR0020-PS-9X6-R-14K-f-A8628071D,https://res.cloudinary.com/dqscf8bog/image/upload/v1753871872/kkxojk1h8qr2hl0wmsdv.png
BR0020-M-12X6-R-14K-f-A845D3662,https://res.cloudinary.com/dqscf8bog/image/upload/v1753871878/srxetcdmuulhg5mznt4k.png
BR0020-R-9.4-W-18K-f-0B24FE974,https://res.cloudinary.com/dqscf8bog/image/upload/v1753871811/j4lrnxawiivpbeu7pmg8.png
BR0020-R-11-W-18K-f-69BDE9977,https://res.cloudinary.com/dqscf8bog/image/upload/v1753871867/fxyodbknuheusedufoem.png
BR0020-R-10-W-18K-f-02989AC97,https://res.cloudinary.com/dqscf8bog/image/upload/v1753871973/elprv9hwoacnxnspxnof.png
BR0020-R-6.5-W-18K-f-C637747BF/RN,https://res.cloudinary.com/dqscf8bog/image/upload/v1753871965/m1wxce9lwolkugbfhz2h.png
BR0020-R-8-W-18K-f-CEFA284D0,https://res.cloudinary.com/dqscf8bog/image/upload/v1753871840/tfhi3mqxmhdescbjorky.png
BR0020-PS-8X6-W-18K-f-C5A81F763,https://res.cloudinary.com/dqscf8bog/image/upload/v1753871971/bs1tqwt19s7jrl0r7oph.png
BR0020-PS-9X6-W-18K-f-A8628071D,https://res.cloudinary.com/dqscf8bog/image/upload/v1753871954/oermjorygqhattvt1iyt.png
BR0020-M-12X6-W-18K-f-A845D3662,https://res.cloudinary.com/dqscf8bog/image/upload/v1753871806/rvl1sj2retetjvn041nn.png
BR0020-R-9.4-Y-18K-f-0B24FE974,https://res.cloudinary.com/dqscf8bog/image/upload/v1753871925/c9gvjmh9njzst41ivjne.png
BR0020-R-11-Y-18K-f-69BDE9977,https://res.cloudinary.com/dqscf8bog/image/upload/v1753871836/s9w0z28z2ibdnzjjezrm.png
BR0020-R-10-Y-18K-f-02989AC97,https://res.cloudinary.com/dqscf8bog/image/upload/v1753871848/yjabl71ak8wqqxiukm32.png
BR0020-R-6.5-Y-18K-f-C637747BF/RN,https://res.cloudinary.com/dqscf8bog/image/upload/v1753871830/j09xabq4ercik4keduwc.png
BR0020-R-8-Y-18K-f-CEFA284D0,https://res.cloudinary.com/dqscf8bog/image/upload/v1753871900/nwigbvqmke6ednhrtnni.png
BR0020-PS-8X6-Y-18K-f-C5A81F763,https://res.cloudinary.com/dqscf8bog/image/upload/v1753871970/nfhom93qbqgeqbtsjfgz.png
BR0020-PS-9X6-Y-18K-f-A8628071D,https://res.cloudinary.com/dqscf8bog/image/upload/v1753871812/i96otqye2dprckq5kirx.png
BR0020-M-12X6-Y-18K-f-A845D3662,https://res.cloudinary.com/dqscf8bog/image/upload/v1753871892/wuzqgk4d7yvot5sjh5br.png
BR0020-R-9.4-R-18K-f-0B24FE974,https://res.cloudinary.com/dqscf8bog/image/upload/v1753871814/qb2jzxo6vnyt5s3knn7r.png
BR0020-R-11-R-18K-f-69BDE9977,https://res.cloudinary.com/dqscf8bog/image/upload/v1753871864/tq27nj13znwh3uwgnd2a.png
BR0020-R-10-R-18K-f-02989AC97,https://res.cloudinary.com/dqscf8bog/image/upload/v1753871955/au9pxmbgruiwvb2wrjac.png
BR0020-R-6.5-R-18K-f-C637747BF/RN,https://res.cloudinary.com/dqscf8bog/image/upload/v1753871843/cu6fzgntzrccxaeerdv0.png
BR0020-R-8-R-18K-f-CEFA284D0,https://res.cloudinary.com/dqscf8bog/image/upload/v1753871909/gy45tb7nw9qqjfzaqfnx.png
BR0020-PS-8X6-R-18K-f-C5A81F763,https://res.cloudinary.com/dqscf8bog/image/upload/v1753871918/lusvrftjmvatrmvszmuu.png
BR0020-PS-9X6-R-18K-f-A8628071D,https://res.cloudinary.com/dqscf8bog/image/upload/v1753871872/kkxojk1h8qr2hl0wmsdv.png
BR0020-M-12X6-R-18K-f-A845D3662,https://res.cloudinary.com/dqscf8bog/image/upload/v1753871878/srxetcdmuulhg5mznt4k.png
BR0020-R-9.4-P-f-0B24FE974,https://res.cloudinary.com/dqscf8bog/image/upload/v1753871811/j4lrnxawiivpbeu7pmg8.png
BR0020-R-11-P-f-69BDE9977,https://res.cloudinary.com/dqscf8bog/image/upload/v1753871867/fxyodbknuheusedufoem.png
BR0020-R-10-P-f-02989AC97,https://res.cloudinary.com/dqscf8bog/image/upload/v1753871973/elprv9hwoacnxnspxnof.png
BR0020-R-6.5-P-f-C637747BF/RN,https://res.cloudinary.com/dqscf8bog/image/upload/v1753871965/m1wxce9lwolkugbfhz2h.png
BR0020-R-8-P-f-CEFA284D0,https://res.cloudinary.com/dqscf8bog/image/upload/v1753871840/tfhi3mqxmhdescbjorky.png
BR0020-PS-8X6-P-f-C5A81F763,https://res.cloudinary.com/dqscf8bog/image/upload/v1753871971/bs1tqwt19s7jrl0r7oph.png
BR0020-PS-9X6-P-f-A8628071D,https://res.cloudinary.com/dqscf8bog/image/upload/v1753871954/oermjorygqhattvt1iyt.png
BR0020-M-12X6-P-f-A845D3662,https://res.cloudinary.com/dqscf8bog/image/upload/v1753871806/rvl1sj2retetjvn041nn.png
BR0021-R-6.5-W-14K-f-C637747BF/RN,
BR0021-R-6.5-Y-14K-f-C637747BF/RN,
BR0021-R-6.5-R-14K-f-C637747BF/RN,
BR0021-R-6.5-W-18K-f-C637747BF/RN,
BR0021-R-6.5-Y-18K-f-C637747BF/RN,
BR0021-R-6.5-R-18K-f-C637747BF/RN,
BR0021-R-6.5-P-f-C637747BF/RN,
BR0021-R-6.5-P-f-C637747BF/RN,
BR0021-R-6.5-P-f-C637747BF/RN,
BR0022-R-6.5-W-14K-f-C637747BF/RN,https://res.cloudinary.com/dqscf8bog/image/upload/v1753871621/w5tawqycbo8jon1sbkla.png
BR0022-R-6.5-Y-14K-f-C637747BF/RN,https://res.cloudinary.com/dqscf8bog/image/upload/v1753871622/tnct9w8zxbsqwamv9gq5.png
BR0022-R-6.5-R-14K-f-C637747BF/RN,https://res.cloudinary.com/dqscf8bog/image/upload/v1753871619/znkocgxvtzidqrkuuzzw.png
BR0022-R-6.5-W-18K-f-C637747BF/RN,https://res.cloudinary.com/dqscf8bog/image/upload/v1753871621/w5tawqycbo8jon1sbkla.png
BR0022-R-6.5-Y-18K-f-C637747BF/RN,https://res.cloudinary.com/dqscf8bog/image/upload/v1753871622/tnct9w8zxbsqwamv9gq5.png
BR0022-R-6.5-R-18K-f-C637747BF/RN,https://res.cloudinary.com/dqscf8bog/image/upload/v1753871619/znkocgxvtzidqrkuuzzw.png
BR0022-R-6.5-P-f-C637747BF/RN,https://res.cloudinary.com/dqscf8bog/image/upload/v1753871621/w5tawqycbo8jon1sbkla.png
BR0022-R-6.5-P-f-C637747BF/RN,https://res.cloudinary.com/dqscf8bog/image/upload/v1753871621/w5tawqycbo8jon1sbkla.png
BR0022-R-6.5-P-f-C637747BF/RN,https://res.cloudinary.com/dqscf8bog/image/upload/v1753871621/w5tawqycbo8jon1sbkla.png
BR0023-R-9.4-W-14K-f-0B24FE974,https://res.cloudinary.com/dqscf8bog/image/upload/v1753871372/eti1bdwvtzev0uofslis.png
BR0023-R-11-W-14K-f-69BDE9977,https://res.cloudinary.com/dqscf8bog/image/upload/v1753871378/fofzknz3gik0ioowmxmi.png
BR0023-R-10-W-14K-f-02989AC97,https://res.cloudinary.com/dqscf8bog/image/upload/v1753871400/z6yogekxpmlmk9vugelz.png
BR0023-R-6.5-W-14K-f-C637747BF/RN,https://res.cloudinary.com/dqscf8bog/image/upload/v1753871474/vcshqmvewp8kjykck12x.png
BR0023-R-8-W-14K-f-CEFA284D0,https://res.cloudinary.com/dqscf8bog/image/upload/v1753871416/vfxyb8cwujremnsohgkd.png
BR0023-PS-8X5-W-14K-f-C5A81F763,https://res.cloudinary.com/dqscf8bog/image/upload/v1753871448/f2mejioswzssq75gqlef.png
BR0023-PS-10X7-W-14K-f-A8628071D,https://res.cloudinary.com/dqscf8bog/image/upload/v1753871512/krfyxsalokk3uqb2csvy.png
BR0023-M-12X6-W-14K-f-A845D3662,https://res.cloudinary.com/dqscf8bog/image/upload/v1753871450/sgp7y7mjh1zlwn2hnsd0.png
BR0023-R-9.4-Y-14K-f-0B24FE974,https://res.cloudinary.com/dqscf8bog/image/upload/v1753871442/yy5x0hbslqarfsdytkjg.png
BR0023-R-11-Y-14K-f-69BDE9977,https://res.cloudinary.com/dqscf8bog/image/upload/v1753871398/thcdlbkxlbyu0jh5lukn.png
BR0023-R-10-Y-14K-f-02989AC97,https://res.cloudinary.com/dqscf8bog/image/upload/v1753871451/ngsu3lit0yaehhazroj1.png
BR0023-R-6.5-Y-14K-f-C637747BF/RN,https://res.cloudinary.com/dqscf8bog/image/upload/v1753871462/qf7c9muelg7pwxsfencs.png
BR0023-R-8-Y-14K-f-CEFA284D0,https://res.cloudinary.com/dqscf8bog/image/upload/v1753871479/twskcussbmn4ojgautlj.png
BR0023-PS-8X5-Y-14K-f-C5A81F763,https://res.cloudinary.com/dqscf8bog/image/upload/v1753871468/zojhs6llwetvocmrma18.png
BR0023-PS-10X7-Y-14K-f-A8628071D,https://res.cloudinary.com/dqscf8bog/image/upload/v1753871494/epszom03h8xhq5gu638w.png
BR0023-M-12X6-Y-14K-f-A845D3662,https://res.cloudinary.com/dqscf8bog/image/upload/v1753871456/fg06clhjndjyerdurofz.png
BR0023-R-9.4-R-14K-f-0B24FE974,https://res.cloudinary.com/dqscf8bog/image/upload/v1753871395/dptvwhy4jlsvy1dcbtjb.png
BR0023-R-11-R-14K-f-69BDE9977,https://res.cloudinary.com/dqscf8bog/image/upload/v1753871526/xxdjbwsaommelvet2cpb.png
BR0023-R-10-R-14K-f-02989AC97,https://res.cloudinary.com/dqscf8bog/image/upload/v1753871410/bf1xipzlkmnxyf45goii.png
BR0023-R-6.5-R-14K-f-C637747BF/RN,https://res.cloudinary.com/dqscf8bog/image/upload/v1753871445/guexpx4yypzmh9o5ahoh.png
BR0023-R-8-R-14K-f-CEFA284D0,https://res.cloudinary.com/dqscf8bog/image/upload/v1753871370/o2iwpk3ih3cehm7szgjq.png
BR0023-PS-8X5-R-14K-f-C5A81F763,https://res.cloudinary.com/dqscf8bog/image/upload/v1753871514/choythrnbvxe2fyaiecc.png
BR0023-PS-10X7-R-14K-f-A8628071D,https://res.cloudinary.com/dqscf8bog/image/upload/v1753871397/xu9dtqgvfsnp53lwjzei.png
BR0023-M-12X6-R-14K-f-A845D3662,https://res.cloudinary.com/dqscf8bog/image/upload/v1753871527/w00uqodtmglqykeqpk3g.png
BR0023-R-9.4-W-18K-f-0B24FE974,https://res.cloudinary.com/dqscf8bog/image/upload/v1753871372/eti1bdwvtzev0uofslis.png
BR0023-R-11-W-18K-f-69BDE9977,https://res.cloudinary.com/dqscf8bog/image/upload/v1753871378/fofzknz3gik0ioowmxmi.png
BR0023-R-10-W-18K-f-02989AC97,https://res.cloudinary.com/dqscf8bog/image/upload/v1753871400/z6yogekxpmlmk9vugelz.png
BR0023-R-6.5-W-18K-f-C637747BF/RN,https://res.cloudinary.com/dqscf8bog/image/upload/v1753871474/vcshqmvewp8kjykck12x.png
BR0023-R-8-W-18K-f-CEFA284D0,https://res.cloudinary.com/dqscf8bog/image/upload/v1753871416/vfxyb8cwujremnsohgkd.png
BR0023-PS-8X5-W-18K-f-C5A81F763,https://res.cloudinary.com/dqscf8bog/image/upload/v1753871448/f2mejioswzssq75gqlef.png
BR0023-PS-10X7-W-18K-f-A8628071D,https://res.cloudinary.com/dqscf8bog/image/upload/v1753871512/krfyxsalokk3uqb2csvy.png
BR0023-M-12X6-W-18K-f-A845D3662,https://res.cloudinary.com/dqscf8bog/image/upload/v1753871450/sgp7y7mjh1zlwn2hnsd0.png
BR0023-R-9.4-Y-18K-f-0B24FE974,https://res.cloudinary.com/dqscf8bog/image/upload/v1753871442/yy5x0hbslqarfsdytkjg.png
BR0023-R-11-Y-18K-f-69BDE9977,https://res.cloudinary.com/dqscf8bog/image/upload/v1753871398/thcdlbkxlbyu0jh5lukn.png
BR0023-R-10-Y-18K-f-02989AC97,https://res.cloudinary.com/dqscf8bog/image/upload/v1753871451/ngsu3lit0yaehhazroj1.png
BR0023-R-6.5-Y-18K-f-C637747BF/RN,https://res.cloudinary.com/dqscf8bog/image/upload/v1753871462/qf7c9muelg7pwxsfencs.png
BR0023-R-8-Y-18K-f-CEFA284D0,https://res.cloudinary.com/dqscf8bog/image/upload/v1753871479/twskcussbmn4ojgautlj.png
BR0023-PS-8X5-Y-18K-f-C5A81F763,https://res.cloudinary.com/dqscf8bog/image/upload/v1753871468/zojhs6llwetvocmrma18.png
BR0023-PS-10X7-Y-18K-f-A8628071D,https://res.cloudinary.com/dqscf8bog/image/upload/v1753871494/epszom03h8xhq5gu638w.png
BR0023-M-12X6-Y-18K-f-A845D3662,https://res.cloudinary.com/dqscf8bog/image/upload/v1753871456/fg06clhjndjyerdurofz.png
BR0023-R-9.4-R-18K-f-0B24FE974,https://res.cloudinary.com/dqscf8bog/image/upload/v1753871395/dptvwhy4jlsvy1dcbtjb.png
BR0023-R-11-R-18K-f-69BDE9977,https://res.cloudinary.com/dqscf8bog/image/upload/v1753871526/xxdjbwsaommelvet2cpb.png
BR0023-R-10-R-18K-f-02989AC97,https://res.cloudinary.com/dqscf8bog/image/upload/v1753871410/bf1xipzlkmnxyf45goii.png
BR0023-R-6.5-R-18K-f-C637747BF/RN,https://res.cloudinary.com/dqscf8bog/image/upload/v1753871445/guexpx4yypzmh9o5ahoh.png
BR0023-R-8-R-18K-f-CEFA284D0,https://res.cloudinary.com/dqscf8bog/image/upload/v1753871370/o2iwpk3ih3cehm7szgjq.png
BR0023-PS-8X5-R-18K-f-C5A81F763,https://res.cloudinary.com/dqscf8bog/image/upload/v1753871514/choythrnbvxe2fyaiecc.png
BR0023-PS-10X7-R-18K-f-A8628071D,https://res.cloudinary.com/dqscf8bog/image/upload/v1753871397/xu9dtqgvfsnp53lwjzei.png
BR0023-M-12X6-R-18K-f-A845D3662,https://res.cloudinary.com/dqscf8bog/image/upload/v1753871527/w00uqodtmglqykeqpk3g.png
BR0023-R-9.4-P-f-0B24FE974,https://res.cloudinary.com/dqscf8bog/image/upload/v1753871372/eti1bdwvtzev0uofslis.png
BR0023-R-11-P-f-69BDE9977,https://res.cloudinary.com/dqscf8bog/image/upload/v1753871378/fofzknz3gik0ioowmxmi.png
BR0023-R-10-P-f-02989AC97,https://res.cloudinary.com/dqscf8bog/image/upload/v1753871400/z6yogekxpmlmk9vugelz.png
BR0023-R-6.5-P-f-C637747BF/RN,https://res.cloudinary.com/dqscf8bog/image/upload/v1753871474/vcshqmvewp8kjykck12x.png
BR0023-R-8-P-f-CEFA284D0,https://res.cloudinary.com/dqscf8bog/image/upload/v1753871416/vfxyb8cwujremnsohgkd.png
BR0023-PS-8X5-P-f-C5A81F763,https://res.cloudinary.com/dqscf8bog/image/upload/v1753871448/f2mejioswzssq75gqlef.png
BR0023-PS-10X7-P-f-A8628071D,https://res.cloudinary.com/dqscf8bog/image/upload/v1753871512/krfyxsalokk3uqb2csvy.png
BR0023-M-12X6-P-f-A845D3662,https://res.cloudinary.com/dqscf8bog/image/upload/v1753871450/sgp7y7mjh1zlwn2hnsd0.png
BR0024-R-9.4-W-14K-f-0B24FE974,https://res.cloudinary.com/dqscf8bog/image/upload/v1753871246/mltgfnumd3eqd12u1aie.png
BR0024-R-11-W-14K-f-69BDE9977,https://res.cloudinary.com/dqscf8bog/image/upload/v1753871207/exzmzqba3uajdrpuewqs.png
BR0024-R-10-W-14K-f-02989AC97,https://res.cloudinary.com/dqscf8bog/image/upload/v1753871251/gwnj2na5lhwtmpih68l0.png
BR0024-R-6.5-W-14K-f-C637747BF/RN,https://res.cloudinary.com/dqscf8bog/image/upload/v1753871271/pzj9ub2vvfgnycu3fdbg.png
BR0024-R-8-W-14K-f-CEFA284D0,https://res.cloudinary.com/dqscf8bog/image/upload/v1753871220/wmttufwmzbh5zauncdez.png
BR0024-M-12X6-W-14K-f-A845D3662,https://res.cloudinary.com/dqscf8bog/image/upload/v1753871263/qeszsxfvglout36bybba.png
BR0024-R-9.4-Y-14K-f-0B24FE974,https://res.cloudinary.com/dqscf8bog/image/upload/v1753871204/vxyoxcev5aa6gwuyeqrp.png
BR0024-R-11-Y-14K-f-69BDE9977,https://res.cloudinary.com/dqscf8bog/image/upload/v1753871304/mhddoa2dgjw8ftrmktiv.png
BR0024-R-10-Y-14K-f-02989AC97,https://res.cloudinary.com/dqscf8bog/image/upload/v1753871240/kfczibtpg9wrtbpx12jr.png
BR0024-R-6.5-Y-14K-f-C637747BF/RN,https://res.cloudinary.com/dqscf8bog/image/upload/v1753871297/rz9wp7fd3swdbz5xxtsx.png
BR0024-R-8-Y-14K-f-CEFA284D0,https://res.cloudinary.com/dqscf8bog/image/upload/v1753871307/tl28gv0nmapso4feoypo.png
BR0024-M-12X6-Y-14K-f-A845D3662,https://res.cloudinary.com/dqscf8bog/image/upload/v1753871260/tgk703w0kzeb33uwq5me.png
BR0024-R-9.4-R-14K-f-0B24FE974,https://res.cloudinary.com/dqscf8bog/image/upload/v1753871323/e9trzwquexca1prutjk7.png
BR0024-R-11-R-14K-f-69BDE9977,https://res.cloudinary.com/dqscf8bog/image/upload/v1753871294/tm1vev9slatgj7xj0ttc.png
BR0024-R-10-R-14K-f-02989AC97,https://res.cloudinary.com/dqscf8bog/image/upload/v1753871267/zu5d0perw5wt0pyl1h8q.png
BR0024-R-6.5-R-14K-f-C637747BF/RN,https://res.cloudinary.com/dqscf8bog/image/upload/v1753871215/qswxazhpljubtxwbywxn.png
BR0024-R-8-R-14K-f-CEFA284D0,https://res.cloudinary.com/dqscf8bog/image/upload/v1753871327/yirual3itnk6oeojtpbj.png
BR0024-M-12X6-R-14K-f-A845D3662,https://res.cloudinary.com/dqscf8bog/image/upload/v1753871276/kmlxjjvxelfap9j9vcc7.png
BR0024-R-9.4-W-18K-f-0B24FE974,https://res.cloudinary.com/dqscf8bog/image/upload/v1753871246/mltgfnumd3eqd12u1aie.png
BR0024-R-11-W-18K-f-69BDE9977,https://res.cloudinary.com/dqscf8bog/image/upload/v1753871207/exzmzqba3uajdrpuewqs.png
BR0024-R-10-W-18K-f-02989AC97,https://res.cloudinary.com/dqscf8bog/image/upload/v1753871251/gwnj2na5lhwtmpih68l0.png
BR0024-R-6.5-W-18K-f-C637747BF/RN,https://res.cloudinary.com/dqscf8bog/image/upload/v1753871271/pzj9ub2vvfgnycu3fdbg.png
BR0024-R-8-W-18K-f-CEFA284D0,https://res.cloudinary.com/dqscf8bog/image/upload/v1753871220/wmttufwmzbh5zauncdez.png
BR0024-M-12X6-W-18K-f-A845D3662,https://res.cloudinary.com/dqscf8bog/image/upload/v1753871263/qeszsxfvglout36bybba.png
BR0024-R-9.4-Y-18K-f-0B24FE974,https://res.cloudinary.com/dqscf8bog/image/upload/v1753871204/vxyoxcev5aa6gwuyeqrp.png
BR0024-R-11-Y-18K-f-69BDE9977,https://res.cloudinary.com/dqscf8bog/image/upload/v1753871304/mhddoa2dgjw8ftrmktiv.png
BR0024-R-10-Y-18K-f-02989AC97,https://res.cloudinary.com/dqscf8bog/image/upload/v1753871240/kfczibtpg9wrtbpx12jr.png
BR0024-R-6.5-Y-18K-f-C637747BF/RN,https://res.cloudinary.com/dqscf8bog/image/upload/v1753871297/rz9wp7fd3swdbz5xxtsx.png
BR0024-R-8-Y-18K-f-CEFA284D0,https://res.cloudinary.com/dqscf8bog/image/upload/v1753871307/tl28gv0nmapso4feoypo.png
BR0024-M-12X6-Y-18K-f-A845D3662,https://res.cloudinary.com/dqscf8bog/image/upload/v1753871260/tgk703w0kzeb33uwq5me.png
BR0024-R-9.4-R-18K-f-0B24FE974,https://res.cloudinary.com/dqscf8bog/image/upload/v1753871323/e9trzwquexca1prutjk7.png
BR0024-R-11-R-18K-f-69BDE9977,https://res.cloudinary.com/dqscf8bog/image/upload/v1753871294/tm1vev9slatgj7xj0ttc.png
BR0024-R-10-R-18K-f-02989AC97,https://res.cloudinary.com/dqscf8bog/image/upload/v1753871267/zu5d0perw5wt0pyl1h8q.png
BR0024-R-6.5-R-18K-f-C637747BF/RN,https://res.cloudinary.com/dqscf8bog/image/upload/v1753871215/qswxazhpljubtxwbywxn.png
BR0024-R-8-R-18K-f-CEFA284D0,https://res.cloudinary.com/dqscf8bog/image/upload/v1753871327/yirual3itnk6oeojtpbj.png
BR0024-M-12X6-R-18K-f-A845D3662,https://res.cloudinary.com/dqscf8bog/image/upload/v1753871276/kmlxjjvxelfap9j9vcc7.png
BR0024-R-9.4-P-f-0B24FE974,https://res.cloudinary.com/dqscf8bog/image/upload/v1753871246/mltgfnumd3eqd12u1aie.png
BR0024-R-11-P-f-69BDE9977,https://res.cloudinary.com/dqscf8bog/image/upload/v1753871207/exzmzqba3uajdrpuewqs.png
BR0024-R-10-P-f-02989AC97,https://res.cloudinary.com/dqscf8bog/image/upload/v1753871251/gwnj2na5lhwtmpih68l0.png
BR0024-R-6.5-P-f-C637747BF/RN,https://res.cloudinary.com/dqscf8bog/image/upload/v1753871271/pzj9ub2vvfgnycu3fdbg.png
BR0024-R-8-P-f-CEFA284D0,https://res.cloudinary.com/dqscf8bog/image/upload/v1753871220/wmttufwmzbh5zauncdez.png
BR0024-M-12X6-P-f-A845D3662,https://res.cloudinary.com/dqscf8bog/image/upload/v1753871263/qeszsxfvglout36bybba.png
BR0025-R-9.4-W-14K-f-0B24FE974,https://res.cloudinary.com/dqscf8bog/image/upload/v1753870953/dkujcl1end4jzdw4dg88.png
BR0025-R-11-W-14K-f-69BDE9977,https://res.cloudinary.com/dqscf8bog/image/upload/v1753871011/pjfminb2ydt7jdrsgamq.png
BR0025-R-10-W-14K-f-02989AC97,https://res.cloudinary.com/dqscf8bog/image/upload/v1753870997/csskcptzaxob43sagw2c.png
BR0025-R-6.5-W-14K-f-C637747BF/RN,https://res.cloudinary.com/dqscf8bog/image/upload/v1753870939/deh4nncgxaeeteifpvvx.png
BR0025-R-8-W-14K-f-CEFA284D0,https://res.cloudinary.com/dqscf8bog/image/upload/v1753870961/of3zvw0xvqylkggxoaxa.png
BR0025-R-9.4-Y-14K-f-0B24FE974,https://res.cloudinary.com/dqscf8bog/image/upload/v1753871008/qv8eaydwdr80zubedgtd.png
BR0025-R-11-Y-14K-f-69BDE9977,https://res.cloudinary.com/dqscf8bog/image/upload/v1753870966/oshf6hu9xoje7n7muovo.png
BR0025-R-10-Y-14K-f-02989AC97,https://res.cloudinary.com/dqscf8bog/image/upload/v1753870976/u3mgqgrflyop0kgdvwpj.png
BR0025-R-6.5-Y-14K-f-C637747BF/RN,https://res.cloudinary.com/dqscf8bog/image/upload/v1753870920/av8egsnbgwjg9dlnxw7w.png
BR0025-R-8-Y-14K-f-CEFA284D0,https://res.cloudinary.com/dqscf8bog/image/upload/v1753871007/zgtlj2rhozwmbqgm1hya.png
BR0025-R-9.4-R-14K-f-0B24FE974,https://res.cloudinary.com/dqscf8bog/image/upload/v1753871015/rdhulzxoxblk9zfk9say.png
BR0025-R-11-R-14K-f-69BDE9977,https://res.cloudinary.com/dqscf8bog/image/upload/v1753871019/dmwccvjwk4ylgyhrqyyu.png
BR0025-R-10-R-14K-f-02989AC97,https://res.cloudinary.com/dqscf8bog/image/upload/v1753870902/ipfqv2zdwzxlt6zkkdgg.png
BR0025-R-6.5-R-14K-f-C637747BF/RN,https://res.cloudinary.com/dqscf8bog/image/upload/v1753870905/gpyit6jwtdkcwolryys4.png
BR0025-R-8-R-14K-f-CEFA284D0,https://res.cloudinary.com/dqscf8bog/image/upload/v1753870963/wk90tfa7ebvhj8httkii.png
BR0025-R-9.4-W-18K-f-0B24FE974,https://res.cloudinary.com/dqscf8bog/image/upload/v1753870953/dkujcl1end4jzdw4dg88.png
BR0025-R-11-W-18K-f-69BDE9977,https://res.cloudinary.com/dqscf8bog/image/upload/v1753871011/pjfminb2ydt7jdrsgamq.png
BR0025-R-10-W-18K-f-02989AC97,https://res.cloudinary.com/dqscf8bog/image/upload/v1753870997/csskcptzaxob43sagw2c.png
BR0025-R-6.5-W-18K-f-C637747BF/RN,https://res.cloudinary.com/dqscf8bog/image/upload/v1753870939/deh4nncgxaeeteifpvvx.png
BR0025-R-8-W-18K-f-CEFA284D0,https://res.cloudinary.com/dqscf8bog/image/upload/v1753870961/of3zvw0xvqylkggxoaxa.png
BR0025-R-9.4-Y-18K-f-0B24FE974,https://res.cloudinary.com/dqscf8bog/image/upload/v1753871008/qv8eaydwdr80zubedgtd.png
BR0025-R-11-Y-18K-f-69BDE9977,https://res.cloudinary.com/dqscf8bog/image/upload/v1753870966/oshf6hu9xoje7n7muovo.png
BR0025-R-10-Y-18K-f-02989AC97,https://res.cloudinary.com/dqscf8bog/image/upload/v1753870976/u3mgqgrflyop0kgdvwpj.png
BR0025-R-6.5-Y-18K-f-C637747BF/RN,https://res.cloudinary.com/dqscf8bog/image/upload/v1753870920/av8egsnbgwjg9dlnxw7w.png
BR0025-R-8-Y-18K-f-CEFA284D0,https://res.cloudinary.com/dqscf8bog/image/upload/v1753871007/zgtlj2rhozwmbqgm1hya.png
BR0025-R-9.4-R-18K-f-0B24FE974,https://res.cloudinary.com/dqscf8bog/image/upload/v1753871015/rdhulzxoxblk9zfk9say.png
BR0025-R-11-R-18K-f-69BDE9977,https://res.cloudinary.com/dqscf8bog/image/upload/v1753871019/dmwccvjwk4ylgyhrqyyu.png
BR0025-R-10-R-18K-f-02989AC97,https://res.cloudinary.com/dqscf8bog/image/upload/v1753870902/ipfqv2zdwzxlt6zkkdgg.png
BR0025-R-6.5-R-18K-f-C637747BF/RN,https://res.cloudinary.com/dqscf8bog/image/upload/v1753870905/gpyit6jwtdkcwolryys4.png
BR0025-R-8-R-18K-f-CEFA284D0,https://res.cloudinary.com/dqscf8bog/image/upload/v1753870963/wk90tfa7ebvhj8httkii.png
BR0025-R-9.4-P-f-0B24FE974,https://res.cloudinary.com/dqscf8bog/image/upload/v1753870953/dkujcl1end4jzdw4dg88.png
BR0025-R-11-P-f-69BDE9977,https://res.cloudinary.com/dqscf8bog/image/upload/v1753871011/pjfminb2ydt7jdrsgamq.png
BR0025-R-10-P-f-02989AC97,https://res.cloudinary.com/dqscf8bog/image/upload/v1753870997/csskcptzaxob43sagw2c.png
BR0025-R-6.5-P-f-C637747BF/RN,https://res.cloudinary.com/dqscf8bog/image/upload/v1753870939/deh4nncgxaeeteifpvvx.png
BR0025-R-8-P-f-CEFA284D0,https://res.cloudinary.com/dqscf8bog/image/upload/v1753870961/of3zvw0xvqylkggxoaxa.png
